"linked_id","site_id","site_name","name","survey_type","date_nurdle","next_date","days_between","fine_storm_phase","next_fine_storm_phase","next_fine_response","delta_old","rate_old","direction_old","delta_new","rate_new","direction_new","delta_total","rate_total","direction_total"
"109_cluster_GRACE","109_cluster","Vicente Fox area, Mexico","GRACE","storm_influenced",2021-07-27,2021-08-28,32,"pre","post","subacute",6,0.1875,"accumulation",0,0,"no_change",6,0.1875,"accumulation"
"111_cluster_BETA","111_cluster","Cedar Bayou area, Texas","BETA","storm_influenced",2020-08-28,2020-09-03,6,"pre","pre","extended",NA,NA,"no_change",-15,-2.5,"depletion",-15,-2.5,"depletion"
"111_cluster_BETA","111_cluster","Cedar Bayou area, Texas","BETA","storm_influenced",2020-09-03,2020-10-01,28,"pre","post","subacute",NA,NA,"no_change",-2,-0.0714285714285714,"depletion",27,0.964285714285714,"accumulation"
"111_cluster_HANNA","111_cluster","Cedar Bayou area, Texas","HANNA","storm_influenced",2020-06-29,2020-07-07,8,"pre","pre","extended",NA,NA,"no_change",-4,-0.5,"depletion",-4,-0.5,"depletion"
"111_cluster_HANNA","111_cluster","Cedar Bayou area, Texas","HANNA","storm_influenced",2020-07-07,2020-07-23,16,"pre","pre","acute",NA,NA,"no_change",0,0,"no_change",0,0,"no_change"
"111_cluster_HANNA","111_cluster","Cedar Bayou area, Texas","HANNA","storm_influenced",2020-07-23,2020-08-13,21,"pre","post","extended",NA,NA,"no_change",3,0.142857142857143,"accumulation",3,0.142857142857143,"accumulation"
"111_cluster_NICHOLAS","111_cluster","Cedar Bayou area, Texas","NICHOLAS","storm_influenced",2021-08-19,2021-08-26,7,"pre","pre","extended",NA,NA,"no_change",-32,-4.57142857142857,"depletion",-32,-4.57142857142857,"depletion"
"111_cluster_NICHOLAS","111_cluster","Cedar Bayou area, Texas","NICHOLAS","storm_influenced",2021-08-26,2021-09-02,7,"pre","pre","extended",NA,NA,"no_change",-1,-0.142857142857143,"depletion",-1,-0.142857142857143,"depletion"
"111_cluster_NICHOLAS","111_cluster","Cedar Bayou area, Texas","NICHOLAS","storm_influenced",2021-09-02,2021-09-23,21,"pre","post","subacute",NA,NA,"no_change",72,3.42857142857143,"accumulation",72,3.42857142857143,"accumulation"
"111_cluster_NICHOLAS","111_cluster","Cedar Bayou area, Texas","NICHOLAS","storm_influenced",2021-09-23,2021-09-30,7,"post","post","extended",NA,NA,"no_change",19,2.71428571428571,"accumulation",19,2.71428571428571,"accumulation"
"111_cluster_NICHOLAS","111_cluster","Cedar Bayou area, Texas","NICHOLAS","storm_influenced",2021-09-30,2021-10-07,7,"post","post","extended",NA,NA,"no_change",22,3.14285714285714,"accumulation",22,3.14285714285714,"accumulation"
"116_cluster_GRACE","116_cluster","Arbolillo, Mexico","GRACE","storm_influenced",2021-07-27,2021-08-28,32,"pre","post","subacute",NA,NA,"no_change",11,0.34375,"accumulation",-2,-0.0625,"depletion"
"125_cluster_BETA","125_cluster","San Jose fence line 4 area, Texas","BETA","storm_influenced",2020-08-28,2020-09-03,6,"pre","pre","extended",NA,NA,"no_change",-9,-1.5,"depletion",-9,-1.5,"depletion"
"125_cluster_BETA","125_cluster","San Jose fence line 4 area, Texas","BETA","storm_influenced",2020-09-03,2020-10-01,28,"pre","post","subacute",NA,NA,"no_change",-4,-0.142857142857143,"depletion",10,0.357142857142857,"accumulation"
"125_cluster_NICHOLAS","125_cluster","San Jose fence line 4 area, Texas","NICHOLAS","storm_influenced",2021-08-19,2021-09-02,14,"pre","pre","extended",NA,NA,"no_change",-21,-1.5,"depletion",-21,-1.5,"depletion"
"125_cluster_NICHOLAS","125_cluster","San Jose fence line 4 area, Texas","NICHOLAS","storm_influenced",2021-09-02,2021-09-23,21,"pre","post","subacute",NA,NA,"no_change",47,2.23809523809524,"accumulation",47,2.23809523809524,"accumulation"
"12_cluster_FRANCINE","12_cluster","Capitol Lake area, Louisiana","FRANCINE","storm_influenced",2024-08-23,2024-09-09,17,"pre","pre","acute",-26,-1.52941176470588,"depletion",0,0,"no_change",-26,-1.52941176470588,"depletion"
"12_cluster_FRANCINE","12_cluster","Capitol Lake area, Louisiana","FRANCINE","storm_influenced",2024-09-09,2024-09-16,7,"pre","post","acute",17,2.42857142857143,"accumulation",0,0,"no_change",17,2.42857142857143,"accumulation"
"13_cluster_BARRY","13_cluster","SSC Beach area, Mississippi","BARRY","storm_influenced",2019-06-14,2019-06-20,6,"pre","pre","extended",-1,-0.166666666666667,"depletion",0,0,"no_change",-1,-0.166666666666667,"depletion"
"13_cluster_BARRY","13_cluster","SSC Beach area, Mississippi","BARRY","storm_influenced",2019-06-20,2019-06-25,5,"pre","pre","extended",-1,-0.2,"depletion",0,0,"no_change",-1,-0.2,"depletion"
"13_cluster_BARRY","13_cluster","SSC Beach area, Mississippi","BARRY","storm_influenced",2019-06-25,2019-07-17,22,"pre","post","subacute",30,1.36363636363636,"accumulation",0,0,"no_change",30,1.36363636363636,"accumulation"
"13_cluster_BARRY","13_cluster","SSC Beach area, Mississippi","BARRY","storm_influenced",2019-07-17,2019-07-18,1,"post","post","subacute",-24,-24,"depletion",0,0,"no_change",-24,-24,"depletion"
"13_cluster_FRANCINE","13_cluster","SSC Beach area, Mississippi","FRANCINE","storm_influenced",2024-08-13,2024-08-21,8,"pre","pre","extended",2,0.25,"accumulation",0,0,"no_change",2,0.25,"accumulation"
"13_cluster_FRANCINE","13_cluster","SSC Beach area, Mississippi","FRANCINE","storm_influenced",2024-08-21,2024-09-24,34,"pre","post","extended",NA,NA,"no_change",4,0.117647058823529,"accumulation",-4,-0.117647058823529,"depletion"
"13_cluster_FRANCINE","13_cluster","SSC Beach area, Mississippi","FRANCINE","storm_influenced",2024-09-24,2024-09-25,1,"post","post","extended",NA,NA,"no_change",-4,-4,"depletion",-3,-3,"depletion"
"13_cluster_IDA","13_cluster","SSC Beach area, Mississippi","IDA","storm_influenced",2021-08-13,2021-08-20,7,"pre","pre","subacute",NA,NA,"no_change",-1,-0.142857142857143,"depletion",-1,-0.142857142857143,"depletion"
"13_cluster_IDA","13_cluster","SSC Beach area, Mississippi","IDA","storm_influenced",2021-08-20,2021-09-03,14,"pre","post","subacute",NA,NA,"no_change",-2,-0.142857142857143,"depletion",-2,-0.142857142857143,"depletion"
"13_cluster_IDA","13_cluster","SSC Beach area, Mississippi","IDA","storm_influenced",2021-09-03,2021-09-09,6,"post","post","extended",NA,NA,"no_change",1,0.166666666666667,"accumulation",1,0.166666666666667,"accumulation"
"13_cluster_IDA","13_cluster","SSC Beach area, Mississippi","IDA","storm_influenced",2021-09-09,2021-09-13,4,"post","post","extended",NA,NA,"no_change",10,2.5,"accumulation",10,2.5,"accumulation"
"13_cluster_IDA","13_cluster","SSC Beach area, Mississippi","IDA","storm_influenced",2021-09-13,2021-09-20,7,"post","post","extended",NA,NA,"no_change",-4,-0.571428571428571,"depletion",-4,-0.571428571428571,"depletion"
"13_cluster_IDA","13_cluster","SSC Beach area, Mississippi","IDA","storm_influenced",2021-09-20,2021-09-23,3,"post","post","extended",NA,NA,"no_change",-2,-0.666666666666667,"depletion",-2,-0.666666666666667,"depletion"
"13_cluster_IDA","13_cluster","SSC Beach area, Mississippi","IDA","storm_influenced",2021-09-23,2021-09-24,1,"post","post","extended",NA,NA,"no_change",1,1,"accumulation",1,1,"accumulation"
"13_cluster_MARCO","13_cluster","SSC Beach area, Mississippi","MARCO","storm_influenced",2020-08-10,2020-08-26,16,"pre","post","acute",NA,NA,"no_change",0,0,"no_change",0,0,"no_change"
"13_cluster_MARCO","13_cluster","SSC Beach area, Mississippi","MARCO","storm_influenced",2020-08-26,2020-08-27,1,"post","post","acute",NA,NA,"no_change",1,1,"accumulation",0,0,"no_change"
"13_cluster_MARCO","13_cluster","SSC Beach area, Mississippi","MARCO","storm_influenced",2020-08-27,2020-08-28,1,"post","post","acute",NA,NA,"no_change",0,0,"no_change",0,0,"no_change"
"13_cluster_MARCO","13_cluster","SSC Beach area, Mississippi","MARCO","storm_influenced",2020-08-28,2020-08-31,3,"post","post","subacute",NA,NA,"no_change",1,0.333333333333333,"accumulation",1,0.333333333333333,"accumulation"
"13_cluster_MARCO","13_cluster","SSC Beach area, Mississippi","MARCO","storm_influenced",2020-08-31,2020-09-10,10,"post","post","extended",NA,NA,"no_change",21,2.1,"accumulation",21,2.1,"accumulation"
"13_cluster_MARCO","13_cluster","SSC Beach area, Mississippi","MARCO","storm_influenced",2020-09-10,2020-09-17,7,"post","post","extended",NA,NA,"no_change",-22,-3.14285714285714,"depletion",-22,-3.14285714285714,"depletion"
"13_cluster_MARCO","13_cluster","SSC Beach area, Mississippi","MARCO","storm_influenced",2020-09-17,2020-09-18,1,"post","post","extended",NA,NA,"no_change",2,2,"accumulation",1,1,"accumulation"
"13_cluster_MARCO","13_cluster","SSC Beach area, Mississippi","MARCO","storm_influenced",2020-09-18,2020-09-22,4,"post","post","extended",NA,NA,"no_change",0,0,"no_change",0,0,"no_change"
"13_cluster_NESTOR","13_cluster","SSC Beach area, Mississippi","NESTOR","storm_influenced",2019-09-20,2019-09-21,1,"pre","pre","extended",59,59,"accumulation",0,0,"no_change",59,59,"accumulation"
"13_cluster_NESTOR","13_cluster","SSC Beach area, Mississippi","NESTOR","storm_influenced",2019-09-21,2019-09-25,4,"pre","pre","extended",-70,-17.5,"depletion",0,0,"no_change",-70,-17.5,"depletion"
"13_cluster_NESTOR","13_cluster","SSC Beach area, Mississippi","NESTOR","storm_influenced",2019-09-25,2019-09-26,1,"pre","pre","extended",-1,-1,"depletion",0,0,"no_change",-1,-1,"depletion"
"13_cluster_NESTOR","13_cluster","SSC Beach area, Mississippi","NESTOR","storm_influenced",2019-09-26,2019-10-01,5,"pre","pre","extended",0,0,"no_change",0,0,"no_change",0,0,"no_change"
"13_cluster_NESTOR","13_cluster","SSC Beach area, Mississippi","NESTOR","storm_influenced",2019-10-01,2019-10-09,8,"pre","pre","subacute",NA,NA,"no_change",35,4.375,"accumulation",32,4,"accumulation"
"13_cluster_NESTOR","13_cluster","SSC Beach area, Mississippi","NESTOR","storm_influenced",2019-10-09,2019-11-01,23,"pre","post","extended",NA,NA,"no_change",-35,-1.52173913043478,"depletion",-23,-1,"depletion"
"13_cluster_OLGA","13_cluster","SSC Beach area, Mississippi","OLGA","storm_influenced",2019-10-01,2019-10-09,8,"pre","pre","extended",NA,NA,"no_change",35,4.375,"accumulation",32,4,"accumulation"
"13_cluster_OLGA","13_cluster","SSC Beach area, Mississippi","OLGA","storm_influenced",2019-10-09,2019-10-19,10,"pre","pre","subacute",NA,NA,"no_change",11,1.1,"accumulation",11,1.1,"accumulation"
"13_cluster_OLGA","13_cluster","SSC Beach area, Mississippi","OLGA","storm_influenced",2019-10-19,2019-11-01,13,"pre","post","subacute",NA,NA,"no_change",-46,-3.53846153846154,"depletion",-34,-2.61538461538462,"depletion"
"13_cluster_SALLY","13_cluster","SSC Beach area, Mississippi","SALLY","storm_influenced",2020-08-26,2020-08-27,1,"pre","pre","extended",NA,NA,"no_change",1,1,"accumulation",0,0,"no_change"
"13_cluster_SALLY","13_cluster","SSC Beach area, Mississippi","SALLY","storm_influenced",2020-08-27,2020-08-28,1,"pre","pre","extended",NA,NA,"no_change",0,0,"no_change",0,0,"no_change"
"13_cluster_SALLY","13_cluster","SSC Beach area, Mississippi","SALLY","storm_influenced",2020-08-28,2020-08-31,3,"pre","pre","extended",NA,NA,"no_change",1,0.333333333333333,"accumulation",1,0.333333333333333,"accumulation"
"13_cluster_SALLY","13_cluster","SSC Beach area, Mississippi","SALLY","storm_influenced",2020-08-31,2020-09-10,10,"pre","pre","subacute",NA,NA,"no_change",21,2.1,"accumulation",21,2.1,"accumulation"
"13_cluster_SALLY","13_cluster","SSC Beach area, Mississippi","SALLY","storm_influenced",2020-09-10,2020-09-17,7,"pre","post","acute",NA,NA,"no_change",-22,-3.14285714285714,"depletion",-22,-3.14285714285714,"depletion"
"13_cluster_SALLY","13_cluster","SSC Beach area, Mississippi","SALLY","storm_influenced",2020-09-17,2020-09-18,1,"post","post","acute",NA,NA,"no_change",2,2,"accumulation",1,1,"accumulation"
"13_cluster_SALLY","13_cluster","SSC Beach area, Mississippi","SALLY","storm_influenced",2020-09-18,2020-09-22,4,"post","post","subacute",NA,NA,"no_change",0,0,"no_change",0,0,"no_change"
"142_cluster_DELTA","142_cluster","Chalmette Battlefield National Historical Park area, Louisiana NW","DELTA","storm_influenced",2020-10-07,2020-10-17,10,"pre","post","subacute",-415,-41.5,"depletion",0,0,"no_change",-415,-41.5,"depletion"
"14_cluster_NICHOLAS","14_cluster","El Jardin Beach, Seabrook, TX area, Texas","NICHOLAS","storm_influenced",2021-08-31,2021-09-19,19,"pre","post","subacute",-96,-5.05263157894737,"depletion",0,0,"no_change",-96,-5.05263157894737,"depletion"
"14_cluster_NICHOLAS","14_cluster","El Jardin Beach, Seabrook, TX area, Texas","NICHOLAS","storm_influenced",2021-09-19,2021-09-23,4,"post","post","subacute",-56,-14,"depletion",0,0,"no_change",-56,-14,"depletion"
"14_cluster_NICHOLAS","14_cluster","El Jardin Beach, Seabrook, TX area, Texas","NICHOLAS","storm_influenced",2021-09-23,2021-09-25,2,"post","post","extended",NA,NA,"no_change",106,53,"accumulation",104,52,"accumulation"
"158_cluster_NICHOLAS","158_cluster","400 Todville Road & Waterfront , Seabrook, TX 77586 area, Texas","NICHOLAS","storm_influenced",2021-08-26,2021-09-02,7,"pre","pre","extended",NA,NA,"no_change",21,3,"accumulation",21,3,"accumulation"
"158_cluster_NICHOLAS","158_cluster","400 Todville Road & Waterfront , Seabrook, TX 77586 area, Texas","NICHOLAS","storm_influenced",2021-09-02,2021-09-23,21,"pre","post","subacute",NA,NA,"no_change",-3,-0.142857142857143,"depletion",-8,-0.380952380952381,"depletion"
"158_cluster_NICHOLAS","158_cluster","400 Todville Road & Waterfront , Seabrook, TX 77586 area, Texas","NICHOLAS","storm_influenced",2021-09-23,2021-09-25,2,"post","post","extended",NA,NA,"no_change",-18,-9,"depletion",12,6,"accumulation"
"159_cluster_MINDY","159_cluster","Indian Pass Beach area, Florida","MINDY","storm_influenced",2021-08-29,2021-09-03,5,"pre","pre","subacute",NA,NA,"no_change",0,0,"no_change",0,0,"no_change"
"159_cluster_MINDY","159_cluster","Indian Pass Beach area, Florida","MINDY","storm_influenced",2021-09-03,2021-10-03,30,"pre","post","extended",NA,NA,"no_change",0,0,"no_change",0,0,"no_change"
"17_cluster_BERYL","17_cluster","Bob Hall Pier area, Texas","BERYL","storm_influenced",2024-07-01,2024-07-07,6,"pre","pre","acute",NA,NA,"no_change",83,13.8333333333333,"accumulation",83,13.8333333333333,"accumulation"
"17_cluster_BERYL","17_cluster","Bob Hall Pier area, Texas","BERYL","storm_influenced",2024-07-07,2024-07-27,20,"pre","post","extended",NA,NA,"no_change",-97,-4.85,"depletion",-82,-4.1,"depletion"
"17_cluster_BETA","17_cluster","Bob Hall Pier area, Texas","BETA","storm_influenced",2020-08-24,2020-08-27,3,"pre","pre","extended",NA,NA,"no_change",95,31.6666666666667,"accumulation",95,31.6666666666667,"accumulation"
"17_cluster_BETA","17_cluster","Bob Hall Pier area, Texas","BETA","storm_influenced",2020-08-27,2020-09-15,19,"pre","pre","subacute",NA,NA,"no_change",-4,-0.210526315789474,"depletion",-42,-2.21052631578947,"depletion"
"17_cluster_BETA","17_cluster","Bob Hall Pier area, Texas","BETA","storm_influenced",2020-09-15,2020-09-20,5,"pre","pre","acute",NA,NA,"no_change",-108,-21.6,"depletion",-42,-8.4,"depletion"
"17_cluster_BETA","17_cluster","Bob Hall Pier area, Texas","BETA","storm_influenced",2020-09-20,2020-09-21,1,"pre","pre","acute",NA,NA,"no_change",153,153,"accumulation",125,125,"accumulation"
"17_cluster_BETA","17_cluster","Bob Hall Pier area, Texas","BETA","storm_influenced",2020-09-21,2020-09-24,3,"pre","post","acute",NA,NA,"no_change",-153,-51,"depletion",50,16.6666666666667,"accumulation"
"17_cluster_BETA","17_cluster","Bob Hall Pier area, Texas","BETA","storm_influenced",2020-09-24,2020-09-25,1,"post","post","acute",121,121,"accumulation",0,0,"no_change",121,121,"accumulation"
"17_cluster_BETA","17_cluster","Bob Hall Pier area, Texas","BETA","storm_influenced",2020-09-25,2020-10-03,8,"post","post","extended",NA,NA,"no_change",0,0,"no_change",-312,-39,"depletion"
"17_cluster_BETA","17_cluster","Bob Hall Pier area, Texas","BETA","storm_influenced",2020-10-03,2020-10-08,5,"post","post","extended",NA,NA,"no_change",0,0,"no_change",98,19.6,"accumulation"
"17_cluster_BETA","17_cluster","Bob Hall Pier area, Texas","BETA","storm_influenced",2020-10-08,2020-10-15,7,"post","post","extended",-102,-14.5714285714286,"depletion",0,0,"no_change",-102,-14.5714285714286,"depletion"
"17_cluster_BETA","17_cluster","Bob Hall Pier area, Texas","BETA","storm_influenced",2020-10-15,2020-10-21,6,"post","post","extended",NA,NA,"no_change",21,3.5,"accumulation",11,1.83333333333333,"accumulation"
"17_cluster_HANNA","17_cluster","Bob Hall Pier area, Texas","HANNA","storm_influenced",2020-06-25,2020-06-27,2,"pre","pre","extended",-16,-8,"depletion",0,0,"no_change",-16,-8,"depletion"
"17_cluster_HANNA","17_cluster","Bob Hall Pier area, Texas","HANNA","storm_influenced",2020-06-27,2020-07-10,13,"pre","pre","extended",NA,NA,"no_change",4,0.307692307692308,"accumulation",-37,-2.84615384615385,"depletion"
"17_cluster_HANNA","17_cluster","Bob Hall Pier area, Texas","HANNA","storm_influenced",2020-07-10,2020-07-19,9,"pre","pre","subacute",NA,NA,"no_change",4,0.444444444444444,"accumulation",37,4.11111111111111,"accumulation"
"17_cluster_HANNA","17_cluster","Bob Hall Pier area, Texas","HANNA","storm_influenced",2020-07-19,2020-07-22,3,"pre","pre","acute",NA,NA,"no_change",4,1.33333333333333,"accumulation",-28,-9.33333333333333,"depletion"
"17_cluster_HANNA","17_cluster","Bob Hall Pier area, Texas","HANNA","storm_influenced",2020-07-22,2020-07-24,2,"pre","pre","acute",NA,NA,"no_change",27,13.5,"accumulation",27,13.5,"accumulation"
"17_cluster_HANNA","17_cluster","Bob Hall Pier area, Texas","HANNA","storm_influenced",2020-07-24,2020-07-26,2,"pre","post","acute",NA,NA,"no_change",-24,-12,"depletion",-24,-12,"depletion"
"17_cluster_HANNA","17_cluster","Bob Hall Pier area, Texas","HANNA","storm_influenced",2020-07-26,2020-08-01,6,"post","post","subacute",NA,NA,"no_change",18,3,"accumulation",18,3,"accumulation"
"17_cluster_HANNA","17_cluster","Bob Hall Pier area, Texas","HANNA","storm_influenced",2020-08-01,2020-08-14,13,"post","post","extended",NA,NA,"no_change",-33,-2.53846153846154,"depletion",-17,-1.30769230769231,"depletion"
"17_cluster_HANNA","17_cluster","Bob Hall Pier area, Texas","HANNA","storm_influenced",2020-08-14,2020-08-20,6,"post","post","extended",NA,NA,"no_change",28,4.66666666666667,"accumulation",12,2,"accumulation"
"17_cluster_IMELDA","17_cluster","Bob Hall Pier area, Texas","IMELDA","storm_influenced",2019-08-24,2019-08-29,5,"pre","pre","extended",NA,NA,"no_change",-13,-2.6,"depletion",-8,-1.6,"depletion"
"17_cluster_IMELDA","17_cluster","Bob Hall Pier area, Texas","IMELDA","storm_influenced",2019-08-29,2019-08-30,1,"pre","pre","extended",-38,-38,"depletion",0,0,"no_change",-38,-38,"depletion"
"17_cluster_IMELDA","17_cluster","Bob Hall Pier area, Texas","IMELDA","storm_influenced",2019-08-30,2019-09-04,5,"pre","pre","extended",NA,NA,"no_change",62,12.4,"accumulation",62,12.4,"accumulation"
"17_cluster_IMELDA","17_cluster","Bob Hall Pier area, Texas","IMELDA","storm_influenced",2019-09-04,2019-09-07,3,"pre","pre","subacute",NA,NA,"no_change",-62,-20.6666666666667,"depletion",17,5.66666666666667,"accumulation"
"17_cluster_IMELDA","17_cluster","Bob Hall Pier area, Texas","IMELDA","storm_influenced",2019-09-07,2019-09-15,8,"pre","pre","acute",NA,NA,"no_change",121,15.125,"accumulation",42,5.25,"accumulation"
"17_cluster_IMELDA","17_cluster","Bob Hall Pier area, Texas","IMELDA","storm_influenced",2019-09-15,2019-09-21,6,"pre","post","acute",NA,NA,"no_change",-121,-20.1666666666667,"depletion",-81,-13.5,"depletion"
"17_cluster_IMELDA","17_cluster","Bob Hall Pier area, Texas","IMELDA","storm_influenced",2019-09-21,2019-09-23,2,"post","post","subacute",NA,NA,"no_change",106,53,"accumulation",66,33,"accumulation"
"17_cluster_IMELDA","17_cluster","Bob Hall Pier area, Texas","IMELDA","storm_influenced",2019-09-23,2019-09-26,3,"post","post","subacute",NA,NA,"no_change",-106,-35.3333333333333,"depletion",-53,-17.6666666666667,"depletion"
"17_cluster_IMELDA","17_cluster","Bob Hall Pier area, Texas","IMELDA","storm_influenced",2019-09-26,2019-09-27,1,"post","post","subacute",25,25,"accumulation",0,0,"no_change",25,25,"accumulation"
"17_cluster_IMELDA","17_cluster","Bob Hall Pier area, Texas","IMELDA","storm_influenced",2019-09-27,2019-09-28,1,"post","post","extended",NA,NA,"no_change",72,72,"accumulation",-6,-6,"depletion"
"17_cluster_IMELDA","17_cluster","Bob Hall Pier area, Texas","IMELDA","storm_influenced",2019-09-28,2019-09-29,1,"post","post","extended",NA,NA,"no_change",2,2,"accumulation",2,2,"accumulation"
"17_cluster_IMELDA","17_cluster","Bob Hall Pier area, Texas","IMELDA","storm_influenced",2019-09-29,2019-10-08,9,"post","post","extended",NA,NA,"no_change",-74,-8.22222222222222,"depletion",0,0,"no_change"
"17_cluster_IMELDA","17_cluster","Bob Hall Pier area, Texas","IMELDA","storm_influenced",2019-10-08,2019-10-09,1,"post","post","extended",13,13,"accumulation",0,0,"no_change",13,13,"accumulation"
"17_cluster_NICHOLAS","17_cluster","Bob Hall Pier area, Texas","NICHOLAS","storm_influenced",2021-08-28,2021-09-19,22,"pre","post","subacute",NA,NA,"no_change",4,0.181818181818182,"accumulation",-97,-4.40909090909091,"depletion"
"17_cluster_NICHOLAS","17_cluster","Bob Hall Pier area, Texas","NICHOLAS","storm_influenced",2021-09-19,2021-10-03,14,"post","post","extended",NA,NA,"no_change",143,10.2142857142857,"accumulation",144,10.2857142857143,"accumulation"
"180_cluster_BETA","180_cluster","San Jose Island - Fence Line 5 area, Texas","BETA","storm_influenced",2020-08-28,2020-09-03,6,"pre","pre","extended",NA,NA,"no_change",-13,-2.16666666666667,"depletion",-13,-2.16666666666667,"depletion"
"180_cluster_BETA","180_cluster","San Jose Island - Fence Line 5 area, Texas","BETA","storm_influenced",2020-09-03,2020-10-01,28,"pre","post","subacute",NA,NA,"no_change",0,0,"no_change",0,0,"no_change"
"180_cluster_HANNA","180_cluster","San Jose Island - Fence Line 5 area, Texas","HANNA","storm_influenced",2020-06-29,2020-07-07,8,"pre","pre","extended",NA,NA,"no_change",9,1.125,"accumulation",9,1.125,"accumulation"
"180_cluster_HANNA","180_cluster","San Jose Island - Fence Line 5 area, Texas","HANNA","storm_influenced",2020-07-07,2020-07-23,16,"pre","pre","acute",NA,NA,"no_change",-3,-0.1875,"depletion",-3,-0.1875,"depletion"
"180_cluster_HANNA","180_cluster","San Jose Island - Fence Line 5 area, Texas","HANNA","storm_influenced",2020-07-23,2020-08-13,21,"pre","post","extended",NA,NA,"no_change",21,1,"accumulation",21,1,"accumulation"
"180_cluster_NICHOLAS","180_cluster","San Jose Island - Fence Line 5 area, Texas","NICHOLAS","storm_influenced",2021-08-19,2021-09-16,28,"pre","post","acute",NA,NA,"no_change",-10,-0.357142857142857,"depletion",1,0.0357142857142857,"accumulation"
"180_cluster_NICHOLAS","180_cluster","San Jose Island - Fence Line 5 area, Texas","NICHOLAS","storm_influenced",2021-09-16,2021-09-23,7,"post","post","subacute",NA,NA,"no_change",32,4.57142857142857,"accumulation",21,3,"accumulation"
"180_cluster_NICHOLAS","180_cluster","San Jose Island - Fence Line 5 area, Texas","NICHOLAS","storm_influenced",2021-09-23,2021-09-30,7,"post","post","extended",NA,NA,"no_change",51,7.28571428571429,"accumulation",51,7.28571428571429,"accumulation"
"186_cluster_HANNA","186_cluster","Bayside Park, Portland, TX (The Dunes) area, Texas","HANNA","storm_influenced",2020-06-30,2020-07-26,26,"pre","post","acute",NA,NA,"no_change",1,0.0384615384615385,"accumulation",0,0,"no_change"
"187_cluster_BARRY","187_cluster","Indian Pass Beach, Florida","BARRY","storm_influenced",2019-06-22,2019-07-16,24,"pre","post","subacute",NA,NA,"no_change",-2,-0.0833333333333333,"depletion",5,0.208333333333333,"accumulation"
"187_cluster_BARRY","187_cluster","Indian Pass Beach, Florida","BARRY","storm_influenced",2019-07-16,2019-08-09,24,"post","post","extended",3,0.125,"accumulation",0,0,"no_change",3,0.125,"accumulation"
"187_cluster_FAY","187_cluster","Indian Pass Beach, Florida","FAY","storm_influenced",2020-06-10,2020-07-13,33,"pre","post","subacute",NA,NA,"no_change",0,0,"no_change",0,0,"no_change"
"244_cluster_ZETA","244_cluster","Pass Christian East Beach area, Mississippi","ZETA","storm_influenced",2020-09-29,2020-11-18,50,"pre","post","extended",-15,-0.3,"depletion",0,0,"no_change",-15,-0.3,"depletion"
"256_cluster_CRISTOBAL","256_cluster","East Biloxi MS East of Schooner Pier area, Mississippi","CRISTOBAL","storm_influenced",2020-06-05,2020-06-26,21,"pre","post","extended",NA,NA,"no_change",0,0,"no_change",1,0.0476190476190476,"accumulation"
"25_cluster_BARRY","25_cluster","Galveston Bay Morgans Point area, Texas","BARRY","storm_influenced",2019-06-14,2019-07-27,43,"pre","post","extended",-7002,-162.837209302326,"depletion",0,0,"no_change",-7002,-162.837209302326,"depletion"
"263_cluster_NESTOR","263_cluster","Dauphin Island Gulf Course area, Alabama","NESTOR","storm_influenced",2019-10-04,2019-11-03,30,"pre","post","extended",NA,NA,"no_change",7,0.233333333333333,"accumulation",4,0.133333333333333,"accumulation"
"26_cluster_BARRY","26_cluster","Galveston Bay - Texas City Dike area, Texas","BARRY","storm_influenced",2019-06-28,2019-07-16,18,"pre","post","acute",21218,1178.77777777778,"accumulation",0,0,"no_change",21218,1178.77777777778,"accumulation"
"26_cluster_BARRY","26_cluster","Galveston Bay - Texas City Dike area, Texas","BARRY","storm_influenced",2019-07-16,2019-08-06,21,"post","post","extended",-22778,-1084.66666666667,"depletion",0,0,"no_change",-22778,-1084.66666666667,"depletion"
"26_cluster_BARRY","26_cluster","Galveston Bay - Texas City Dike area, Texas","BARRY","storm_influenced",2019-08-06,2019-08-08,2,"post","post","extended",-8068,-4034,"depletion",0,0,"no_change",-8068,-4034,"depletion"
"284_cluster_IMELDA","284_cluster","Buffalo Bayou Hidalgo Park area, Texas","IMELDA","storm_influenced",2019-08-24,2019-10-04,41,"pre","post","extended",-4926,-120.146341463415,"depletion",0,0,"no_change",-4926,-120.146341463415,"depletion"
"2_cluster_GRACE","2_cluster","Regatas area, Mexico","GRACE","storm_influenced",2021-07-27,2021-08-28,32,"pre","post","subacute",-3,-0.09375,"depletion",0,0,"no_change",-3,-0.09375,"depletion"
"2_cluster_KARL","2_cluster","Regatas area, Mexico","KARL","storm_influenced",2022-09-27,2022-09-30,3,"pre","pre","extended",-13,-4.33333333333333,"depletion",0,0,"no_change",-13,-4.33333333333333,"depletion"
"2_cluster_KARL","2_cluster","Regatas area, Mexico","KARL","storm_influenced",2022-09-30,2022-10-27,27,"pre","post","extended",47,1.74074074074074,"accumulation",0,0,"no_change",47,1.74074074074074,"accumulation"
"32_cluster_BARRY","32_cluster","Galveston Bay - Sylvan Beach area, Texas","BARRY","storm_influenced",2019-06-21,2019-07-28,37,"pre","post","extended",440,11.8918918918919,"accumulation",0,0,"no_change",440,11.8918918918919,"accumulation"
"32_cluster_BARRY","32_cluster","Galveston Bay - Sylvan Beach area, Texas","BARRY","storm_influenced",2019-07-28,2019-08-10,13,"post","post","extended",-515,-39.6153846153846,"depletion",0,0,"no_change",-515,-39.6153846153846,"depletion"
"32_cluster_IMELDA","32_cluster","Galveston Bay - Sylvan Beach area, Texas","IMELDA","storm_influenced",2019-08-25,2019-09-29,35,"pre","post","extended",170,4.85714285714286,"accumulation",0,0,"no_change",170,4.85714285714286,"accumulation"
"32_cluster_IMELDA","32_cluster","Galveston Bay - Sylvan Beach area, Texas","IMELDA","storm_influenced",2019-09-29,2019-10-05,6,"post","post","extended",NA,NA,"no_change",129,21.5,"accumulation",99,16.5,"accumulation"
"32_cluster_NICHOLAS","32_cluster","Galveston Bay - Sylvan Beach area, Texas","NICHOLAS","storm_influenced",2021-09-02,2021-09-08,6,"pre","pre","subacute",NA,NA,"no_change",22,3.66666666666667,"accumulation",-101,-16.8333333333333,"depletion"
"32_cluster_NICHOLAS","32_cluster","Galveston Bay - Sylvan Beach area, Texas","NICHOLAS","storm_influenced",2021-09-08,2021-09-19,11,"pre","post","subacute",NA,NA,"no_change",-22,-2,"depletion",7,0.636363636363636,"accumulation"
"32_cluster_NICHOLAS","32_cluster","Galveston Bay - Sylvan Beach area, Texas","NICHOLAS","storm_influenced",2021-09-19,2021-09-20,1,"post","post","subacute",NA,NA,"no_change",45,45,"accumulation",16,16,"accumulation"
"32_cluster_NICHOLAS","32_cluster","Galveston Bay - Sylvan Beach area, Texas","NICHOLAS","storm_influenced",2021-09-20,2021-09-25,5,"post","post","extended",NA,NA,"no_change",31,6.2,"accumulation",31,6.2,"accumulation"
"32_cluster_NICHOLAS","32_cluster","Galveston Bay - Sylvan Beach area, Texas","NICHOLAS","storm_influenced",2021-09-25,2021-09-26,1,"post","post","extended",NA,NA,"no_change",-76,-76,"depletion",-74,-74,"depletion"
"34_cluster_CLAUDETTE","34_cluster","Elmer's Island area, Louisiana","CLAUDETTE","storm_influenced",2021-05-25,2021-06-01,7,"pre","pre","extended",NA,NA,"no_change",-10,-1.42857142857143,"depletion",-10,-1.42857142857143,"depletion"
"34_cluster_CLAUDETTE","34_cluster","Elmer's Island area, Louisiana","CLAUDETTE","storm_influenced",2021-06-01,2021-06-22,21,"pre","post","acute",NA,NA,"no_change",41,1.95238095238095,"accumulation",41,1.95238095238095,"accumulation"
"34_cluster_CLAUDETTE","34_cluster","Elmer's Island area, Louisiana","CLAUDETTE","storm_influenced",2021-06-22,2021-06-29,7,"post","post","subacute",NA,NA,"no_change",-56,-8,"depletion",-56,-8,"depletion"
"34_cluster_CLAUDETTE","34_cluster","Elmer's Island area, Louisiana","CLAUDETTE","storm_influenced",2021-06-29,2021-07-06,7,"post","post","extended",NA,NA,"no_change",39,5.57142857142857,"accumulation",39,5.57142857142857,"accumulation"
"34_cluster_CLAUDETTE","34_cluster","Elmer's Island area, Louisiana","CLAUDETTE","storm_influenced",2021-07-06,2021-07-14,8,"post","post","extended",NA,NA,"no_change",-46,-5.75,"depletion",-42,-5.25,"depletion"
"3_cluster_BETA","3_cluster","Beach Marker 81 area, Texas","BETA","storm_influenced",2020-09-21,2020-10-09,18,"pre","post","extended",NA,NA,"no_change",66,3.66666666666667,"accumulation",66,3.66666666666667,"accumulation"
"3_cluster_BETA","3_cluster","Beach Marker 81 area, Texas","BETA","storm_influenced",2020-10-09,2020-10-18,9,"post","post","extended",NA,NA,"no_change",-60,-6.66666666666667,"depletion",-60,-6.66666666666667,"depletion"
"3_cluster_BETA","3_cluster","Beach Marker 81 area, Texas","BETA","storm_influenced",2020-10-18,2020-10-21,3,"post","post","extended",NA,NA,"no_change",-59,-19.6666666666667,"depletion",-16,-5.33333333333333,"depletion"
"3_cluster_DELTA","3_cluster","Beach Marker 81 area, Texas","DELTA","storm_influenced",2020-09-21,2020-10-18,27,"pre","post","subacute",NA,NA,"no_change",6,0.222222222222222,"accumulation",6,0.222222222222222,"accumulation"
"3_cluster_DELTA","3_cluster","Beach Marker 81 area, Texas","DELTA","storm_influenced",2020-10-18,2020-10-21,3,"post","post","extended",NA,NA,"no_change",-59,-19.6666666666667,"depletion",-16,-5.33333333333333,"depletion"
"3_cluster_DELTA","3_cluster","Beach Marker 81 area, Texas","DELTA","storm_influenced",2020-10-21,2020-10-22,1,"post","post","extended",2,2,"accumulation",0,0,"no_change",2,2,"accumulation"
"3_cluster_DELTA","3_cluster","Beach Marker 81 area, Texas","DELTA","storm_influenced",2020-10-22,2020-10-23,1,"post","post","extended",-5,-5,"depletion",0,0,"no_change",-5,-5,"depletion"
"3_cluster_HANNA","3_cluster","Beach Marker 81 area, Texas","HANNA","storm_influenced",2020-06-27,2020-07-03,6,"pre","pre","extended",NA,NA,"no_change",0,0,"no_change",7,1.16666666666667,"accumulation"
"3_cluster_HANNA","3_cluster","Beach Marker 81 area, Texas","HANNA","storm_influenced",2020-07-03,2020-07-04,1,"pre","pre","extended",-4,-4,"depletion",0,0,"no_change",-4,-4,"depletion"
"3_cluster_HANNA","3_cluster","Beach Marker 81 area, Texas","HANNA","storm_influenced",2020-07-04,2020-07-10,6,"pre","pre","extended",1,0.166666666666667,"accumulation",0,0,"no_change",1,0.166666666666667,"accumulation"
"3_cluster_HANNA","3_cluster","Beach Marker 81 area, Texas","HANNA","storm_influenced",2020-07-10,2020-07-11,1,"pre","pre","extended",0,0,"no_change",0,0,"no_change",0,0,"no_change"
"3_cluster_HANNA","3_cluster","Beach Marker 81 area, Texas","HANNA","storm_influenced",2020-07-11,2020-07-18,7,"pre","pre","subacute",0,0,"no_change",0,0,"no_change",0,0,"no_change"
"3_cluster_HANNA","3_cluster","Beach Marker 81 area, Texas","HANNA","storm_influenced",2020-07-18,2020-07-24,6,"pre","pre","acute",NA,NA,"no_change",2,0.333333333333333,"accumulation",-2,-0.333333333333333,"depletion"
"3_cluster_HANNA","3_cluster","Beach Marker 81 area, Texas","HANNA","storm_influenced",2020-07-24,2020-07-27,3,"pre","post","acute",NA,NA,"no_change",-2,-0.666666666666667,"depletion",23,7.66666666666667,"accumulation"
"3_cluster_HANNA","3_cluster","Beach Marker 81 area, Texas","HANNA","storm_influenced",2020-07-27,2020-07-29,2,"post","post","acute",NA,NA,"no_change",153,76.5,"accumulation",128,64,"accumulation"
"3_cluster_HANNA","3_cluster","Beach Marker 81 area, Texas","HANNA","storm_influenced",2020-07-29,2020-08-01,3,"post","post","subacute",NA,NA,"no_change",-150,-50,"depletion",-150,-50,"depletion"
"3_cluster_HANNA","3_cluster","Beach Marker 81 area, Texas","HANNA","storm_influenced",2020-08-01,2020-08-18,17,"post","post","extended",NA,NA,"no_change",-3,-0.176470588235294,"depletion",-3,-0.176470588235294,"depletion"
"3_cluster_IMELDA","3_cluster","Beach Marker 81 area, Texas","IMELDA","storm_influenced",2019-08-30,2019-09-02,3,"pre","pre","extended",NA,NA,"no_change",-28,-9.33333333333333,"depletion",96,32,"accumulation"
"3_cluster_IMELDA","3_cluster","Beach Marker 81 area, Texas","IMELDA","storm_influenced",2019-09-02,2019-09-12,10,"pre","pre","subacute",NA,NA,"no_change",30,3,"accumulation",-94,-9.4,"depletion"
"3_cluster_IMELDA","3_cluster","Beach Marker 81 area, Texas","IMELDA","storm_influenced",2019-09-12,2019-09-13,1,"pre","pre","acute",NA,NA,"no_change",12,12,"accumulation",12,12,"accumulation"
"3_cluster_IMELDA","3_cluster","Beach Marker 81 area, Texas","IMELDA","storm_influenced",2019-09-13,2019-09-16,3,"pre","pre","acute",NA,NA,"no_change",120,40,"accumulation",120,40,"accumulation"
"3_cluster_IMELDA","3_cluster","Beach Marker 81 area, Texas","IMELDA","storm_influenced",2019-09-16,2019-09-20,4,"pre","post","acute",NA,NA,"no_change",-144,-36,"depletion",-144,-36,"depletion"
"3_cluster_IMELDA","3_cluster","Beach Marker 81 area, Texas","IMELDA","storm_influenced",2019-09-20,2019-09-25,5,"post","post","subacute",NA,NA,"no_change",29,5.8,"accumulation",29,5.8,"accumulation"
"3_cluster_IMELDA","3_cluster","Beach Marker 81 area, Texas","IMELDA","storm_influenced",2019-09-25,2019-09-26,1,"post","post","subacute",NA,NA,"no_change",-15,-15,"depletion",-15,-15,"depletion"
"3_cluster_IMELDA","3_cluster","Beach Marker 81 area, Texas","IMELDA","storm_influenced",2019-09-26,2019-09-27,1,"post","post","subacute",NA,NA,"no_change",-17,-17,"depletion",-17,-17,"depletion"
"3_cluster_IMELDA","3_cluster","Beach Marker 81 area, Texas","IMELDA","storm_influenced",2019-09-27,2019-09-28,1,"post","post","extended",NA,NA,"no_change",140,140,"accumulation",140,140,"accumulation"
"3_cluster_IMELDA","3_cluster","Beach Marker 81 area, Texas","IMELDA","storm_influenced",2019-09-28,2019-09-29,1,"post","post","extended",NA,NA,"no_change",-136,-136,"depletion",-136,-136,"depletion"
"3_cluster_IMELDA","3_cluster","Beach Marker 81 area, Texas","IMELDA","storm_influenced",2019-09-29,2019-10-02,3,"post","post","extended",NA,NA,"no_change",-17,-5.66666666666667,"depletion",-17,-5.66666666666667,"depletion"
"3_cluster_IMELDA","3_cluster","Beach Marker 81 area, Texas","IMELDA","storm_influenced",2019-10-02,2019-10-03,1,"post","post","extended",NA,NA,"no_change",28,28,"accumulation",28,28,"accumulation"
"3_cluster_IMELDA","3_cluster","Beach Marker 81 area, Texas","IMELDA","storm_influenced",2019-10-03,2019-10-07,4,"post","post","extended",NA,NA,"no_change",21,5.25,"accumulation",21,5.25,"accumulation"
"3_cluster_IMELDA","3_cluster","Beach Marker 81 area, Texas","IMELDA","storm_influenced",2019-10-07,2019-10-12,5,"post","post","extended",NA,NA,"no_change",-51,-10.2,"depletion",-47,-9.4,"depletion"
"3_cluster_IMELDA","3_cluster","Beach Marker 81 area, Texas","IMELDA","storm_influenced",2019-10-12,2019-10-14,2,"post","post","extended",-4,-2,"depletion",0,0,"no_change",-4,-2,"depletion"
"3_cluster_IMELDA","3_cluster","Beach Marker 81 area, Texas","IMELDA","storm_influenced",2019-10-14,2019-10-15,1,"post","post","extended",0,0,"no_change",0,0,"no_change",0,0,"no_change"
"42_cluster_IMELDA","42_cluster","North Padre Island sticks at PINS area, Texas","IMELDA","storm_influenced",2019-08-23,2019-08-29,6,"pre","pre","extended",17,2.83333333333333,"accumulation",0,0,"no_change",17,2.83333333333333,"accumulation"
"42_cluster_IMELDA","42_cluster","North Padre Island sticks at PINS area, Texas","IMELDA","storm_influenced",2019-08-29,2019-09-29,31,"pre","post","extended",NA,NA,"no_change",19,0.612903225806452,"accumulation",-33,-1.06451612903226,"depletion"
"46_cluster_DELTA","46_cluster","Chalmette Battlefield National Historical Park area, Louisiana SE","DELTA","storm_influenced",2020-10-07,2020-10-31,24,"pre","post","extended",NA,NA,"no_change",-295,-12.2916666666667,"depletion",1380,57.5,"accumulation"
"46_cluster_IDA","46_cluster","Chalmette Battlefield National Historical Park area, Louisiana SE","IDA","storm_influenced",2021-08-07,2021-09-10,34,"pre","post","extended",NA,NA,"no_change",-60,-1.76470588235294,"depletion",-60,-1.76470588235294,"depletion"
"46_cluster_ZETA","46_cluster","Chalmette Battlefield National Historical Park area, Louisiana SE","ZETA","storm_influenced",2020-10-07,2020-10-31,24,"pre","post","acute",NA,NA,"no_change",-295,-12.2916666666667,"depletion",1380,57.5,"accumulation"
"58_cluster_MARCO","58_cluster","Algiers Point Levee area, Louisiana","MARCO","storm_influenced",2020-08-14,2020-08-20,6,"pre","pre","subacute",NA,NA,"no_change",6945,1157.5,"accumulation",5278,879.666666666667,"accumulation"
"58_cluster_MARCO","58_cluster","Algiers Point Levee area, Louisiana","MARCO","storm_influenced",2020-08-20,2020-08-26,6,"pre","post","acute",NA,NA,"no_change",-6945,-1157.5,"depletion",-6570,-1095,"depletion"
"58_cluster_MARCO","58_cluster","Algiers Point Levee area, Louisiana","MARCO","storm_influenced",2020-08-26,2020-08-27,1,"post","post","acute",NA,NA,"no_change",1687,1687,"accumulation",689,689,"accumulation"
"58_cluster_MARCO","58_cluster","Algiers Point Levee area, Louisiana","MARCO","storm_influenced",2020-08-27,2020-08-28,1,"post","post","acute",NA,NA,"no_change",-1687,-1687,"depletion",-775,-775,"depletion"
"58_cluster_MARCO","58_cluster","Algiers Point Levee area, Louisiana","MARCO","storm_influenced",2020-08-28,2020-08-31,3,"post","post","subacute",-205,-68.3333333333333,"depletion",0,0,"no_change",-205,-68.3333333333333,"depletion"
"58_cluster_MARCO","58_cluster","Algiers Point Levee area, Louisiana","MARCO","storm_influenced",2020-08-31,2020-09-02,2,"post","post","subacute",-15,-7.5,"depletion",0,0,"no_change",-15,-7.5,"depletion"
"58_cluster_MARCO","58_cluster","Algiers Point Levee area, Louisiana","MARCO","storm_influenced",2020-09-02,2020-09-03,1,"post","post","subacute",NA,NA,"no_change",188,188,"accumulation",119,119,"accumulation"
"58_cluster_MARCO","58_cluster","Algiers Point Levee area, Louisiana","MARCO","storm_influenced",2020-09-03,2020-09-05,2,"post","post","extended",NA,NA,"no_change",-188,-94,"depletion",862,431,"accumulation"
"58_cluster_MARCO","58_cluster","Algiers Point Levee area, Louisiana","MARCO","storm_influenced",2020-09-05,2020-09-11,6,"post","post","extended",-1002,-167,"depletion",0,0,"no_change",-1002,-167,"depletion"
"58_cluster_MARCO","58_cluster","Algiers Point Levee area, Louisiana","MARCO","storm_influenced",2020-09-11,2020-09-12,1,"post","post","extended",178,178,"accumulation",0,0,"no_change",178,178,"accumulation"
"58_cluster_MARCO","58_cluster","Algiers Point Levee area, Louisiana","MARCO","storm_influenced",2020-09-12,2020-09-13,1,"post","post","extended",-170,-170,"depletion",0,0,"no_change",-170,-170,"depletion"
"58_cluster_MARCO","58_cluster","Algiers Point Levee area, Louisiana","MARCO","storm_influenced",2020-09-13,2020-09-16,3,"post","post","extended",NA,NA,"no_change",575,191.666666666667,"accumulation",519,173,"accumulation"
"58_cluster_SALLY","58_cluster","Algiers Point Levee area, Louisiana","SALLY","storm_influenced",2020-08-20,2020-08-26,6,"pre","pre","extended",NA,NA,"no_change",-6945,-1157.5,"depletion",-6570,-1095,"depletion"
"58_cluster_SALLY","58_cluster","Algiers Point Levee area, Louisiana","SALLY","storm_influenced",2020-08-26,2020-08-27,1,"pre","pre","extended",NA,NA,"no_change",1687,1687,"accumulation",689,689,"accumulation"
"58_cluster_SALLY","58_cluster","Algiers Point Levee area, Louisiana","SALLY","storm_influenced",2020-08-27,2020-08-28,1,"pre","pre","extended",NA,NA,"no_change",-1687,-1687,"depletion",-775,-775,"depletion"
"58_cluster_SALLY","58_cluster","Algiers Point Levee area, Louisiana","SALLY","storm_influenced",2020-08-28,2020-08-31,3,"pre","pre","extended",-205,-68.3333333333333,"depletion",0,0,"no_change",-205,-68.3333333333333,"depletion"
"58_cluster_SALLY","58_cluster","Algiers Point Levee area, Louisiana","SALLY","storm_influenced",2020-08-31,2020-09-02,2,"pre","pre","extended",-15,-7.5,"depletion",0,0,"no_change",-15,-7.5,"depletion"
"58_cluster_SALLY","58_cluster","Algiers Point Levee area, Louisiana","SALLY","storm_influenced",2020-09-02,2020-09-03,1,"pre","pre","extended",NA,NA,"no_change",188,188,"accumulation",119,119,"accumulation"
"58_cluster_SALLY","58_cluster","Algiers Point Levee area, Louisiana","SALLY","storm_influenced",2020-09-03,2020-09-05,2,"pre","pre","subacute",NA,NA,"no_change",-188,-94,"depletion",862,431,"accumulation"
"58_cluster_SALLY","58_cluster","Algiers Point Levee area, Louisiana","SALLY","storm_influenced",2020-09-05,2020-09-11,6,"pre","pre","acute",-1002,-167,"depletion",0,0,"no_change",-1002,-167,"depletion"
"58_cluster_SALLY","58_cluster","Algiers Point Levee area, Louisiana","SALLY","storm_influenced",2020-09-11,2020-09-12,1,"pre","pre","acute",178,178,"accumulation",0,0,"no_change",178,178,"accumulation"
"58_cluster_SALLY","58_cluster","Algiers Point Levee area, Louisiana","SALLY","storm_influenced",2020-09-12,2020-09-13,1,"pre","pre","acute",-170,-170,"depletion",0,0,"no_change",-170,-170,"depletion"
"58_cluster_SALLY","58_cluster","Algiers Point Levee area, Louisiana","SALLY","storm_influenced",2020-09-13,2020-09-16,3,"pre","post","acute",NA,NA,"no_change",575,191.666666666667,"accumulation",519,173,"accumulation"
"58_cluster_SALLY","58_cluster","Algiers Point Levee area, Louisiana","SALLY","storm_influenced",2020-09-16,2020-09-24,8,"post","post","subacute",NA,NA,"no_change",-575,-71.875,"depletion",-505,-63.125,"depletion"
"58_cluster_SALLY","58_cluster","Algiers Point Levee area, Louisiana","SALLY","storm_influenced",2020-09-24,2020-09-30,6,"post","post","extended",189,31.5,"accumulation",0,0,"no_change",189,31.5,"accumulation"
"65_cluster_BETA","65_cluster","South Padre Island area, Texas","BETA","storm_influenced",2020-08-27,2020-09-23,27,"pre","post","acute",NA,NA,"no_change",-32,-1.18518518518519,"depletion",-61,-2.25925925925926,"depletion"
"65_cluster_BETA","65_cluster","South Padre Island area, Texas","BETA","storm_influenced",2020-09-23,2020-10-21,28,"post","post","extended",NA,NA,"no_change",9,0.321428571428571,"accumulation",-6,-0.214285714285714,"depletion"
"65_cluster_OLGA","65_cluster","South Padre Island area, Texas","OLGA","storm_influenced",2019-09-28,2019-10-13,15,"pre","pre","extended",NA,NA,"no_change",66,4.4,"accumulation",66,4.4,"accumulation"
"65_cluster_OLGA","65_cluster","South Padre Island area, Texas","OLGA","storm_influenced",2019-10-13,2019-10-17,4,"pre","pre","subacute",NA,NA,"no_change",-14,-3.5,"depletion",-14,-3.5,"depletion"
"65_cluster_OLGA","65_cluster","South Padre Island area, Texas","OLGA","storm_influenced",2019-10-17,2019-10-19,2,"pre","pre","subacute",NA,NA,"no_change",62,31,"accumulation",6,3,"accumulation"
"65_cluster_OLGA","65_cluster","South Padre Island area, Texas","OLGA","storm_influenced",2019-10-19,2019-10-21,2,"pre","pre","acute",NA,NA,"no_change",-66,-33,"depletion",-10,-5,"depletion"
"65_cluster_OLGA","65_cluster","South Padre Island area, Texas","OLGA","storm_influenced",2019-10-21,2019-10-27,6,"pre","post","acute",NA,NA,"no_change",-48,-8,"depletion",-30,-5,"depletion"
"65_cluster_OLGA","65_cluster","South Padre Island area, Texas","OLGA","storm_influenced",2019-10-27,2019-11-16,20,"post","post","extended",12,0.6,"accumulation",0,0,"no_change",12,0.6,"accumulation"
"65_cluster_OLGA","65_cluster","South Padre Island area, Texas","OLGA","storm_influenced",2019-11-16,2019-11-21,5,"post","post","extended",59,11.8,"accumulation",0,0,"no_change",59,11.8,"accumulation"
"6_cluster_FRANCINE","6_cluster","Sea Rim State Park area, Texas","FRANCINE","storm_influenced",2024-08-18,2024-09-21,34,"pre","post","subacute",NA,NA,"no_change",0,0,"no_change",0,0,"no_change"
"73_cluster_BARRY","73_cluster","Pelican Point-Weeks Bay area, Alabama","BARRY","storm_influenced",2019-06-28,2019-07-31,33,"pre","post","extended",-1,-0.0303030303030303,"depletion",0,0,"no_change",-1,-0.0303030303030303,"depletion"
"73_cluster_CRISTOBAL","73_cluster","Pelican Point-Weeks Bay area, Alabama","CRISTOBAL","storm_influenced",2020-05-29,2020-06-05,7,"pre","pre","acute",NA,NA,"no_change",2,0.285714285714286,"accumulation",2,0.285714285714286,"accumulation"
"73_cluster_CRISTOBAL","73_cluster","Pelican Point-Weeks Bay area, Alabama","CRISTOBAL","storm_influenced",2020-06-05,2020-06-29,24,"pre","post","extended",NA,NA,"no_change",-2,-0.0833333333333333,"depletion",-1,-0.0416666666666667,"depletion"
"74_cluster_CRISTOBAL","74_cluster","Mary Ann Nelson Beach area, Alabama","CRISTOBAL","storm_influenced",2020-05-29,2020-06-29,31,"pre","post","extended",NA,NA,"no_change",-4,-0.129032258064516,"depletion",0,0,"no_change"
"74_cluster_NESTOR","74_cluster","Mary Ann Nelson Beach area, Alabama","NESTOR","storm_influenced",2019-09-30,2019-10-28,28,"pre","post","subacute",0,0,"no_change",0,0,"no_change",0,0,"no_change"
"9_cluster_BARRY","9_cluster","East Beach area, Texas","BARRY","storm_influenced",2019-06-16,2019-06-18,2,"pre","pre","extended",NA,NA,"no_change",-33,-16.5,"depletion",-33,-16.5,"depletion"
"9_cluster_BARRY","9_cluster","East Beach area, Texas","BARRY","storm_influenced",2019-06-18,2019-06-21,3,"pre","pre","extended",NA,NA,"no_change",27,9,"accumulation",17,5.66666666666667,"accumulation"
"9_cluster_BARRY","9_cluster","East Beach area, Texas","BARRY","storm_influenced",2019-06-21,2019-06-22,1,"pre","pre","extended",NA,NA,"no_change",-15,-15,"depletion",-5,-5,"depletion"
"9_cluster_BARRY","9_cluster","East Beach area, Texas","BARRY","storm_influenced",2019-06-22,2019-06-25,3,"pre","pre","extended",NA,NA,"no_change",-21,-7,"depletion",-13,-4.33333333333333,"depletion"
"9_cluster_BARRY","9_cluster","East Beach area, Texas","BARRY","storm_influenced",2019-06-25,2019-06-26,1,"pre","pre","extended",40,40,"accumulation",0,0,"no_change",40,40,"accumulation"
"9_cluster_BARRY","9_cluster","East Beach area, Texas","BARRY","storm_influenced",2019-06-26,2019-06-28,2,"pre","pre","extended",NA,NA,"no_change",18,9,"accumulation",-30,-15,"depletion"
"9_cluster_BARRY","9_cluster","East Beach area, Texas","BARRY","storm_influenced",2019-06-28,2019-07-07,9,"pre","pre","subacute",NA,NA,"no_change",-9,-1,"depletion",-9,-1,"depletion"
"9_cluster_BARRY","9_cluster","East Beach area, Texas","BARRY","storm_influenced",2019-07-07,2019-07-12,5,"pre","pre","acute",NA,NA,"no_change",2,0.4,"accumulation",2,0.4,"accumulation"
"9_cluster_BARRY","9_cluster","East Beach area, Texas","BARRY","storm_influenced",2019-07-12,2019-07-19,7,"pre","post","subacute",NA,NA,"no_change",22,3.14285714285714,"accumulation",22,3.14285714285714,"accumulation"
"9_cluster_BARRY","9_cluster","East Beach area, Texas","BARRY","storm_influenced",2019-07-19,2019-07-22,3,"post","post","subacute",NA,NA,"no_change",-33,-11,"depletion",-21,-7,"depletion"
"9_cluster_BERYL","9_cluster","East Beach area, Texas","BERYL","storm_influenced",2024-06-11,2024-06-22,11,"pre","pre","extended",NA,NA,"no_change",4,0.363636363636364,"accumulation",4,0.363636363636364,"accumulation"
"9_cluster_BERYL","9_cluster","East Beach area, Texas","BERYL","storm_influenced",2024-06-22,2024-06-25,3,"pre","pre","extended",NA,NA,"no_change",-4,-1.33333333333333,"depletion",-4,-1.33333333333333,"depletion"
"9_cluster_BERYL","9_cluster","East Beach area, Texas","BERYL","storm_influenced",2024-06-25,2024-07-02,7,"pre","pre","subacute",NA,NA,"no_change",-1,-0.142857142857143,"depletion",0,0,"no_change"
"9_cluster_BERYL","9_cluster","East Beach area, Texas","BERYL","storm_influenced",2024-07-02,2024-07-18,16,"pre","post","subacute",NA,NA,"no_change",42,2.625,"accumulation",41,2.5625,"accumulation"
"9_cluster_BETA","9_cluster","East Beach area, Texas","BETA","storm_influenced",2020-08-26,2020-09-14,19,"pre","pre","subacute",NA,NA,"no_change",-113,-5.94736842105263,"depletion",-110,-5.78947368421053,"depletion"
"9_cluster_BETA","9_cluster","East Beach area, Texas","BETA","storm_influenced",2020-09-14,2020-09-17,3,"pre","pre","subacute",NA,NA,"no_change",63,21,"accumulation",33,11,"accumulation"
"9_cluster_BETA","9_cluster","East Beach area, Texas","BETA","storm_influenced",2020-09-17,2020-09-22,5,"pre","pre","acute",NA,NA,"no_change",-4,-0.8,"depletion",23,4.6,"accumulation"
"9_cluster_BETA","9_cluster","East Beach area, Texas","BETA","storm_influenced",2020-09-22,2020-09-24,2,"pre","post","acute",NA,NA,"no_change",-16,-8,"depletion",-16,-8,"depletion"
"9_cluster_BETA","9_cluster","East Beach area, Texas","BETA","storm_influenced",2020-09-24,2020-09-27,3,"post","post","acute",NA,NA,"no_change",-29,-9.66666666666667,"depletion",-28,-9.33333333333333,"depletion"
"9_cluster_BETA","9_cluster","East Beach area, Texas","BETA","storm_influenced",2020-09-27,2020-10-05,8,"post","post","extended",NA,NA,"no_change",-12,-1.5,"depletion",-13,-1.625,"depletion"
"9_cluster_BETA","9_cluster","East Beach area, Texas","BETA","storm_influenced",2020-10-05,2020-10-11,6,"post","post","extended",NA,NA,"no_change",-4,-0.666666666666667,"depletion",26,4.33333333333333,"accumulation"
"9_cluster_DELTA","9_cluster","East Beach area, Texas","DELTA","storm_influenced",2020-09-14,2020-09-17,3,"pre","pre","extended",NA,NA,"no_change",63,21,"accumulation",33,11,"accumulation"
"9_cluster_DELTA","9_cluster","East Beach area, Texas","DELTA","storm_influenced",2020-09-17,2020-09-22,5,"pre","pre","extended",NA,NA,"no_change",-4,-0.8,"depletion",23,4.6,"accumulation"
"9_cluster_DELTA","9_cluster","East Beach area, Texas","DELTA","storm_influenced",2020-09-22,2020-09-23,1,"pre","pre","extended",NA,NA,"no_change",53,53,"accumulation",9,9,"accumulation"
"9_cluster_DELTA","9_cluster","East Beach area, Texas","DELTA","storm_influenced",2020-09-23,2020-09-24,1,"pre","pre","extended",NA,NA,"no_change",-69,-69,"depletion",-25,-25,"depletion"
"9_cluster_DELTA","9_cluster","East Beach area, Texas","DELTA","storm_influenced",2020-09-24,2020-09-27,3,"pre","pre","extended",NA,NA,"no_change",-29,-9.66666666666667,"depletion",-28,-9.33333333333333,"depletion"
"9_cluster_DELTA","9_cluster","East Beach area, Texas","DELTA","storm_influenced",2020-09-27,2020-10-05,8,"pre","pre","acute",NA,NA,"no_change",-12,-1.5,"depletion",-13,-1.625,"depletion"
"9_cluster_DELTA","9_cluster","East Beach area, Texas","DELTA","storm_influenced",2020-10-05,2020-10-11,6,"pre","post","acute",NA,NA,"no_change",-4,-0.666666666666667,"depletion",26,4.33333333333333,"accumulation"
"9_cluster_HANNA","9_cluster","East Beach area, Texas","HANNA","storm_influenced",2020-07-06,2020-07-28,22,"pre","post","acute",NA,NA,"no_change",10,0.454545454545455,"accumulation",10,0.454545454545455,"accumulation"
"9_cluster_HANNA","9_cluster","East Beach area, Texas","HANNA","storm_influenced",2020-07-28,2020-07-29,1,"post","post","subacute",NA,NA,"no_change",-9,-9,"depletion",-19,-19,"depletion"
"9_cluster_HANNA","9_cluster","East Beach area, Texas","HANNA","storm_influenced",2020-07-29,2020-08-13,15,"post","post","extended",NA,NA,"no_change",-1,-0.0666666666666667,"depletion",15,1,"accumulation"
"9_cluster_HANNA","9_cluster","East Beach area, Texas","HANNA","storm_influenced",2020-08-13,2020-08-17,4,"post","post","extended",-8,-2,"depletion",0,0,"no_change",-8,-2,"depletion"
"9_cluster_HANNA","9_cluster","East Beach area, Texas","HANNA","storm_influenced",2020-08-17,2020-08-20,3,"post","post","extended",7,2.33333333333333,"accumulation",0,0,"no_change",7,2.33333333333333,"accumulation"
"9_cluster_IMELDA","9_cluster","East Beach area, Texas","IMELDA","storm_influenced",2019-08-22,2019-08-24,2,"pre","pre","extended",NA,NA,"no_change",5,2.5,"accumulation",5,2.5,"accumulation"
"9_cluster_IMELDA","9_cluster","East Beach area, Texas","IMELDA","storm_influenced",2019-08-24,2019-08-26,2,"pre","pre","extended",NA,NA,"no_change",-5,-2.5,"depletion",1,0.5,"accumulation"
"9_cluster_IMELDA","9_cluster","East Beach area, Texas","IMELDA","storm_influenced",2019-08-26,2019-08-28,2,"pre","pre","extended",-6,-3,"depletion",0,0,"no_change",-6,-3,"depletion"
"9_cluster_IMELDA","9_cluster","East Beach area, Texas","IMELDA","storm_influenced",2019-08-28,2019-09-04,7,"pre","pre","extended",22,3.14285714285714,"accumulation",0,0,"no_change",22,3.14285714285714,"accumulation"
"9_cluster_IMELDA","9_cluster","East Beach area, Texas","IMELDA","storm_influenced",2019-09-04,2019-09-09,5,"pre","pre","subacute",-22,-4.4,"depletion",0,0,"no_change",-22,-4.4,"depletion"
"9_cluster_IMELDA","9_cluster","East Beach area, Texas","IMELDA","storm_influenced",2019-09-09,2019-09-11,2,"pre","pre","subacute",23,11.5,"accumulation",0,0,"no_change",23,11.5,"accumulation"
"9_cluster_IMELDA","9_cluster","East Beach area, Texas","IMELDA","storm_influenced",2019-09-11,2019-09-12,1,"pre","pre","subacute",-23,-23,"depletion",0,0,"no_change",-23,-23,"depletion"
"9_cluster_IMELDA","9_cluster","East Beach area, Texas","IMELDA","storm_influenced",2019-09-12,2019-09-13,1,"pre","pre","acute",NA,NA,"no_change",8,8,"accumulation",45,45,"accumulation"
"9_cluster_IMELDA","9_cluster","East Beach area, Texas","IMELDA","storm_influenced",2019-09-13,2019-09-14,1,"pre","pre","acute",NA,NA,"no_change",-8,-8,"depletion",-37,-37,"depletion"
"9_cluster_IMELDA","9_cluster","East Beach area, Texas","IMELDA","storm_influenced",2019-09-14,2019-09-15,1,"pre","pre","acute",NA,NA,"no_change",10,10,"accumulation",2,2,"accumulation"
"9_cluster_IMELDA","9_cluster","East Beach area, Texas","IMELDA","storm_influenced",2019-09-15,2019-09-20,5,"pre","post","acute",NA,NA,"no_change",73,14.6,"accumulation",65,13,"accumulation"
"9_cluster_IMELDA","9_cluster","East Beach area, Texas","IMELDA","storm_influenced",2019-09-20,2019-09-21,1,"post","post","acute",NA,NA,"no_change",-30,-30,"depletion",-22,-22,"depletion"
"9_cluster_IMELDA","9_cluster","East Beach area, Texas","IMELDA","storm_influenced",2019-09-21,2019-09-22,1,"post","post","subacute",NA,NA,"no_change",62,62,"accumulation",62,62,"accumulation"
"9_cluster_IMELDA","9_cluster","East Beach area, Texas","IMELDA","storm_influenced",2019-09-22,2019-09-23,1,"post","post","subacute",NA,NA,"no_change",14,14,"accumulation",14,14,"accumulation"
"9_cluster_IMELDA","9_cluster","East Beach area, Texas","IMELDA","storm_influenced",2019-09-23,2019-09-24,1,"post","post","subacute",NA,NA,"no_change",12,12,"accumulation",12,12,"accumulation"
"9_cluster_IMELDA","9_cluster","East Beach area, Texas","IMELDA","storm_influenced",2019-09-24,2019-09-25,1,"post","post","subacute",NA,NA,"no_change",-79,-79,"depletion",-79,-79,"depletion"
"9_cluster_IMELDA","9_cluster","East Beach area, Texas","IMELDA","storm_influenced",2019-09-25,2019-09-29,4,"post","post","extended",NA,NA,"no_change",-27,-6.75,"depletion",-27,-6.75,"depletion"
"9_cluster_IMELDA","9_cluster","East Beach area, Texas","IMELDA","storm_influenced",2019-09-29,2019-10-06,7,"post","post","extended",NA,NA,"no_change",65,9.28571428571429,"accumulation",65,9.28571428571429,"accumulation"
"9_cluster_IMELDA","9_cluster","East Beach area, Texas","IMELDA","storm_influenced",2019-10-06,2019-10-08,2,"post","post","extended",NA,NA,"no_change",-10,-5,"depletion",-10,-5,"depletion"
"9_cluster_IMELDA","9_cluster","East Beach area, Texas","IMELDA","storm_influenced",2019-10-08,2019-10-09,1,"post","post","extended",NA,NA,"no_change",-65,-65,"depletion",-65,-65,"depletion"
"9_cluster_LAURA","9_cluster","East Beach area, Texas","LAURA","storm_influenced",2020-07-28,2020-07-29,1,"pre","pre","extended",NA,NA,"no_change",-9,-9,"depletion",-19,-19,"depletion"
"9_cluster_LAURA","9_cluster","East Beach area, Texas","LAURA","storm_influenced",2020-07-29,2020-08-13,15,"pre","pre","extended",NA,NA,"no_change",-1,-0.0666666666666667,"depletion",15,1,"accumulation"
"9_cluster_LAURA","9_cluster","East Beach area, Texas","LAURA","storm_influenced",2020-08-13,2020-08-17,4,"pre","pre","subacute",-8,-2,"depletion",0,0,"no_change",-8,-2,"depletion"
"9_cluster_LAURA","9_cluster","East Beach area, Texas","LAURA","storm_influenced",2020-08-17,2020-08-20,3,"pre","pre","subacute",7,2.33333333333333,"accumulation",0,0,"no_change",7,2.33333333333333,"accumulation"
"9_cluster_LAURA","9_cluster","East Beach area, Texas","LAURA","storm_influenced",2020-08-20,2020-08-26,6,"pre","pre","acute",NA,NA,"no_change",115,19.1666666666667,"accumulation",100,16.6666666666667,"accumulation"
"9_cluster_LAURA","9_cluster","East Beach area, Texas","LAURA","storm_influenced",2020-08-26,2020-09-14,19,"pre","post","extended",NA,NA,"no_change",-113,-5.94736842105263,"depletion",-110,-5.78947368421053,"depletion"
"9_cluster_LAURA","9_cluster","East Beach area, Texas","LAURA","storm_influenced",2020-09-14,2020-09-17,3,"post","post","extended",NA,NA,"no_change",63,21,"accumulation",33,11,"accumulation"
"9_cluster_LAURA","9_cluster","East Beach area, Texas","LAURA","storm_influenced",2020-09-17,2020-09-22,5,"post","post","extended",NA,NA,"no_change",-4,-0.8,"depletion",23,4.6,"accumulation"
"9_cluster_LAURA","9_cluster","East Beach area, Texas","LAURA","storm_influenced",2020-09-22,2020-09-23,1,"post","post","extended",NA,NA,"no_change",53,53,"accumulation",9,9,"accumulation"
"9_cluster_LAURA","9_cluster","East Beach area, Texas","LAURA","storm_influenced",2020-09-23,2020-09-24,1,"post","post","extended",NA,NA,"no_change",-69,-69,"depletion",-25,-25,"depletion"
"9_cluster_NICHOLAS","9_cluster","East Beach area, Texas","NICHOLAS","storm_influenced",2021-08-21,2021-08-26,5,"pre","pre","extended",NA,NA,"no_change",-9,-1.8,"depletion",-9,-1.8,"depletion"
"9_cluster_NICHOLAS","9_cluster","East Beach area, Texas","NICHOLAS","storm_influenced",2021-08-26,2021-09-15,20,"pre","post","acute",NA,NA,"no_change",21,1.05,"accumulation",21,1.05,"accumulation"
"9_cluster_NICHOLAS","9_cluster","East Beach area, Texas","NICHOLAS","storm_influenced",2021-09-15,2021-09-24,9,"post","post","subacute",NA,NA,"no_change",-17,-1.88888888888889,"depletion",-18,-2,"depletion"
"9_cluster_NICHOLAS","9_cluster","East Beach area, Texas","NICHOLAS","storm_influenced",2021-09-24,2021-09-25,1,"post","post","extended",NA,NA,"no_change",-5,-5,"depletion",4,4,"accumulation"
"9_cluster_NICHOLAS","9_cluster","East Beach area, Texas","NICHOLAS","storm_influenced",2021-09-25,2021-09-26,1,"post","post","extended",-7,-7,"depletion",0,0,"no_change",-7,-7,"depletion"
"9_cluster_NICHOLAS","9_cluster","East Beach area, Texas","NICHOLAS","storm_influenced",2021-09-26,2021-10-09,13,"post","post","extended",NA,NA,"no_change",6,0.461538461538462,"accumulation",5,0.384615384615385,"accumulation"
NA,"109_cluster","Vicente Fox area, Mexico",NA,"control",2021-02-16,2021-04-30,73,NA,NA,NA,-1,-0.0136986301369863,"depletion",0,0,"no_change",-1,-0.0136986301369863,"depletion"
NA,"109_cluster","Vicente Fox area, Mexico",NA,"control",2021-04-30,2021-11-06,190,NA,NA,NA,-7,-0.0368421052631579,"depletion",0,0,"no_change",-7,-0.0368421052631579,"depletion"
NA,"109_cluster","Vicente Fox area, Mexico",NA,"control",2021-11-06,2021-11-20,14,NA,NA,NA,4,0.285714285714286,"accumulation",0,0,"no_change",4,0.285714285714286,"accumulation"
NA,"109_cluster","Vicente Fox area, Mexico",NA,"control",2021-11-20,2021-12-11,21,NA,NA,NA,-12,-0.571428571428571,"depletion",0,0,"no_change",-12,-0.571428571428571,"depletion"
NA,"109_cluster","Vicente Fox area, Mexico",NA,"control",2021-12-11,2022-01-22,42,NA,NA,NA,21,0.5,"accumulation",0,0,"no_change",21,0.5,"accumulation"
NA,"109_cluster","Vicente Fox area, Mexico",NA,"control",2022-01-22,2022-01-28,6,NA,NA,NA,-16,-2.66666666666667,"depletion",0,0,"no_change",-16,-2.66666666666667,"depletion"
NA,"109_cluster","Vicente Fox area, Mexico",NA,"control",2022-01-28,2022-02-26,29,NA,NA,NA,0,0,"no_change",0,0,"no_change",0,0,"no_change"
NA,"109_cluster","Vicente Fox area, Mexico",NA,"control",2022-02-26,2022-02-28,2,NA,NA,NA,NA,NA,"no_change",38,19,"accumulation",30,15,"accumulation"
NA,"109_cluster","Vicente Fox area, Mexico",NA,"control",2022-02-28,2022-03-24,24,NA,NA,NA,NA,NA,"no_change",-15,-0.625,"depletion",-12,-0.5,"depletion"
NA,"109_cluster","Vicente Fox area, Mexico",NA,"control",2022-03-24,2023-04-15,387,NA,NA,NA,NA,NA,"no_change",-23,-0.0594315245478036,"depletion",-21,-0.0542635658914729,"depletion"
NA,"109_cluster","Vicente Fox area, Mexico",NA,"control",2023-04-15,2023-04-22,7,NA,NA,NA,25,3.57142857142857,"accumulation",0,0,"no_change",25,3.57142857142857,"accumulation"
NA,"111_cluster","Cedar Bayou area, Texas",NA,"control",2019-01-10,2019-01-13,3,NA,NA,NA,-18,-6,"depletion",0,0,"no_change",-18,-6,"depletion"
NA,"111_cluster","Cedar Bayou area, Texas",NA,"control",2019-01-13,2019-01-24,11,NA,NA,NA,4,0.363636363636364,"accumulation",0,0,"no_change",4,0.363636363636364,"accumulation"
NA,"111_cluster","Cedar Bayou area, Texas",NA,"control",2019-01-24,2019-02-14,21,NA,NA,NA,62,2.95238095238095,"accumulation",0,0,"no_change",62,2.95238095238095,"accumulation"
NA,"111_cluster","Cedar Bayou area, Texas",NA,"control",2019-02-14,2019-02-18,4,NA,NA,NA,-24,-6,"depletion",0,0,"no_change",-24,-6,"depletion"
NA,"111_cluster","Cedar Bayou area, Texas",NA,"control",2019-02-18,2019-03-28,38,NA,NA,NA,NA,NA,"no_change",21,0.552631578947368,"accumulation",-33,-0.868421052631579,"depletion"
NA,"111_cluster","Cedar Bayou area, Texas",NA,"control",2019-03-28,2019-04-25,28,NA,NA,NA,NA,NA,"no_change",21,0.75,"accumulation",21,0.75,"accumulation"
NA,"111_cluster","Cedar Bayou area, Texas",NA,"control",2019-04-25,2019-04-29,4,NA,NA,NA,NA,NA,"no_change",0,0,"no_change",0,0,"no_change"
NA,"111_cluster","Cedar Bayou area, Texas",NA,"control",2019-04-29,2019-11-25,210,NA,NA,NA,NA,NA,"no_change",-42,-0.2,"depletion",-18,-0.0857142857142857,"depletion"
NA,"111_cluster","Cedar Bayou area, Texas",NA,"control",2019-11-25,2019-12-19,24,NA,NA,NA,NA,NA,"no_change",0,0,"no_change",-3,-0.125,"depletion"
NA,"111_cluster","Cedar Bayou area, Texas",NA,"control",2019-12-19,2020-02-27,70,NA,NA,NA,13,0.185714285714286,"accumulation",0,0,"no_change",13,0.185714285714286,"accumulation"
NA,"111_cluster","Cedar Bayou area, Texas",NA,"control",2020-02-27,2020-03-05,7,NA,NA,NA,-22,-3.14285714285714,"depletion",0,0,"no_change",-22,-3.14285714285714,"depletion"
NA,"111_cluster","Cedar Bayou area, Texas",NA,"control",2020-03-05,2020-03-19,14,NA,NA,NA,NA,NA,"no_change",36,2.57142857142857,"accumulation",24,1.71428571428571,"accumulation"
NA,"111_cluster","Cedar Bayou area, Texas",NA,"control",2020-03-19,2021-01-15,302,NA,NA,NA,NA,NA,"no_change",-7,-0.0231788079470199,"depletion",-7,-0.0231788079470199,"depletion"
NA,"111_cluster","Cedar Bayou area, Texas",NA,"control",2021-01-15,2021-02-04,20,NA,NA,NA,NA,NA,"no_change",-27,-1.35,"depletion",-27,-1.35,"depletion"
NA,"111_cluster","Cedar Bayou area, Texas",NA,"control",2021-02-04,2021-02-25,21,NA,NA,NA,NA,NA,"no_change",0,0,"no_change",0,0,"no_change"
NA,"111_cluster","Cedar Bayou area, Texas",NA,"control",2021-02-25,2021-03-18,21,NA,NA,NA,NA,NA,"no_change",-2,-0.0952380952380952,"depletion",16,0.761904761904762,"accumulation"
NA,"111_cluster","Cedar Bayou area, Texas",NA,"control",2021-03-18,2021-04-08,21,NA,NA,NA,NA,NA,"no_change",25,1.19047619047619,"accumulation",7,0.333333333333333,"accumulation"
NA,"111_cluster","Cedar Bayou area, Texas",NA,"control",2021-04-08,2021-05-13,35,NA,NA,NA,NA,NA,"no_change",-3,-0.0857142857142857,"depletion",-3,-0.0857142857142857,"depletion"
NA,"111_cluster","Cedar Bayou area, Texas",NA,"control",2021-05-13,2021-10-21,161,NA,NA,NA,NA,NA,"no_change",33,0.204968944099379,"accumulation",33,0.204968944099379,"accumulation"
NA,"111_cluster","Cedar Bayou area, Texas",NA,"control",2021-10-21,2021-12-02,42,NA,NA,NA,NA,NA,"no_change",-43,-1.02380952380952,"depletion",-43,-1.02380952380952,"depletion"
NA,"111_cluster","Cedar Bayou area, Texas",NA,"control",2021-12-02,2022-02-16,76,NA,NA,NA,NA,NA,"no_change",22,0.289473684210526,"accumulation",22,0.289473684210526,"accumulation"
NA,"111_cluster","Cedar Bayou area, Texas",NA,"control",2022-02-16,2023-03-30,407,NA,NA,NA,NA,NA,"no_change",-7,-0.0171990171990172,"depletion",-7,-0.0171990171990172,"depletion"
NA,"116_cluster","Arbolillo, Mexico",NA,"control",2021-02-16,2021-10-26,252,NA,NA,NA,-2,-0.00793650793650794,"depletion",0,0,"no_change",-2,-0.00793650793650794,"depletion"
NA,"116_cluster","Arbolillo, Mexico",NA,"control",2021-10-26,2021-11-06,11,NA,NA,NA,NA,NA,"no_change",16,1.45454545454545,"accumulation",-4,-0.363636363636364,"depletion"
NA,"116_cluster","Arbolillo, Mexico",NA,"control",2021-11-06,2023-03-25,504,NA,NA,NA,NA,NA,"no_change",-16,-0.0317460317460317,"depletion",97,0.192460317460317,"accumulation"
NA,"125_cluster","San Jose fence line 4 area, Texas",NA,"control",2019-01-24,2019-02-14,21,NA,NA,NA,30,1.42857142857143,"accumulation",0,0,"no_change",30,1.42857142857143,"accumulation"
NA,"125_cluster","San Jose fence line 4 area, Texas",NA,"control",2019-02-14,2019-02-18,4,NA,NA,NA,-16,-4,"depletion",0,0,"no_change",-16,-4,"depletion"
NA,"125_cluster","San Jose fence line 4 area, Texas",NA,"control",2019-02-18,2019-03-28,38,NA,NA,NA,NA,NA,"no_change",41,1.07894736842105,"accumulation",3,0.0789473684210526,"accumulation"
NA,"125_cluster","San Jose fence line 4 area, Texas",NA,"control",2019-03-28,2020-02-27,336,NA,NA,NA,NA,NA,"no_change",-41,-0.12202380952381,"depletion",-3,-0.00892857142857143,"depletion"
NA,"125_cluster","San Jose fence line 4 area, Texas",NA,"control",2020-02-27,2021-02-04,343,NA,NA,NA,NA,NA,"no_change",2,0.00583090379008746,"accumulation",-36,-0.104956268221574,"depletion"
NA,"125_cluster","San Jose fence line 4 area, Texas",NA,"control",2021-02-04,2021-05-13,98,NA,NA,NA,NA,NA,"no_change",17,0.173469387755102,"accumulation",17,0.173469387755102,"accumulation"
NA,"125_cluster","San Jose fence line 4 area, Texas",NA,"control",2021-05-13,2022-02-16,279,NA,NA,NA,NA,NA,"no_change",27,0.0967741935483871,"accumulation",27,0.0967741935483871,"accumulation"
NA,"12_cluster","Capitol Lake area, Louisiana",NA,"control",2022-04-25,2022-04-26,1,NA,NA,NA,NA,NA,"no_change",24,24,"accumulation",65,65,"accumulation"
NA,"12_cluster","Capitol Lake area, Louisiana",NA,"control",2022-04-26,2022-05-04,8,NA,NA,NA,NA,NA,"no_change",-113,-14.125,"depletion",84,10.5,"accumulation"
NA,"12_cluster","Capitol Lake area, Louisiana",NA,"control",2022-05-04,2023-11-29,574,NA,NA,NA,NA,NA,"no_change",76,0.132404181184669,"accumulation",-162,-0.282229965156794,"depletion"
NA,"12_cluster","Capitol Lake area, Louisiana",NA,"control",2023-11-29,2023-12-06,7,NA,NA,NA,NA,NA,"no_change",-76,-10.8571428571429,"depletion",-33,-4.71428571428571,"depletion"
NA,"12_cluster","Capitol Lake area, Louisiana",NA,"control",2023-12-06,2024-01-30,55,NA,NA,NA,-23,-0.418181818181818,"depletion",0,0,"no_change",-23,-0.418181818181818,"depletion"
NA,"12_cluster","Capitol Lake area, Louisiana",NA,"control",2024-01-30,2024-02-01,2,NA,NA,NA,109,54.5,"accumulation",0,0,"no_change",109,54.5,"accumulation"
NA,"12_cluster","Capitol Lake area, Louisiana",NA,"control",2024-02-01,2024-02-08,7,NA,NA,NA,-55,-7.85714285714286,"depletion",0,0,"no_change",-55,-7.85714285714286,"depletion"
NA,"12_cluster","Capitol Lake area, Louisiana",NA,"control",2024-02-08,2024-02-15,7,NA,NA,NA,-67,-9.57142857142857,"depletion",0,0,"no_change",-67,-9.57142857142857,"depletion"
NA,"12_cluster","Capitol Lake area, Louisiana",NA,"control",2024-02-15,2024-02-20,5,NA,NA,NA,55,11,"accumulation",0,0,"no_change",55,11,"accumulation"
NA,"12_cluster","Capitol Lake area, Louisiana",NA,"control",2024-02-20,2024-02-22,2,NA,NA,NA,-57,-28.5,"depletion",0,0,"no_change",-57,-28.5,"depletion"
NA,"12_cluster","Capitol Lake area, Louisiana",NA,"control",2024-02-22,2024-02-27,5,NA,NA,NA,13,2.6,"accumulation",0,0,"no_change",13,2.6,"accumulation"
NA,"12_cluster","Capitol Lake area, Louisiana",NA,"control",2024-02-27,2024-03-21,23,NA,NA,NA,8,0.347826086956522,"accumulation",0,0,"no_change",8,0.347826086956522,"accumulation"
NA,"12_cluster","Capitol Lake area, Louisiana",NA,"control",2024-03-21,2024-03-27,6,NA,NA,NA,16,2.66666666666667,"accumulation",0,0,"no_change",16,2.66666666666667,"accumulation"
NA,"12_cluster","Capitol Lake area, Louisiana",NA,"control",2024-03-27,2024-04-04,8,NA,NA,NA,-4,-0.5,"depletion",0,0,"no_change",-4,-0.5,"depletion"
NA,"12_cluster","Capitol Lake area, Louisiana",NA,"control",2024-04-04,2024-04-11,7,NA,NA,NA,20,2.85714285714286,"accumulation",0,0,"no_change",20,2.85714285714286,"accumulation"
NA,"12_cluster","Capitol Lake area, Louisiana",NA,"control",2024-04-11,2024-04-22,11,NA,NA,NA,-22,-2,"depletion",0,0,"no_change",-22,-2,"depletion"
NA,"12_cluster","Capitol Lake area, Louisiana",NA,"control",2024-04-22,2024-05-17,25,NA,NA,NA,-23,-0.92,"depletion",0,0,"no_change",-23,-0.92,"depletion"
NA,"12_cluster","Capitol Lake area, Louisiana",NA,"control",2024-05-17,2025-01-13,241,NA,NA,NA,39,0.161825726141079,"accumulation",0,0,"no_change",39,0.161825726141079,"accumulation"
NA,"12_cluster","Capitol Lake area, Louisiana",NA,"control",2025-01-13,2025-02-03,21,NA,NA,NA,0,0,"no_change",0,0,"no_change",0,0,"no_change"
NA,"12_cluster","Capitol Lake area, Louisiana",NA,"control",2025-02-03,2025-02-10,7,NA,NA,NA,8,1.14285714285714,"accumulation",0,0,"no_change",8,1.14285714285714,"accumulation"
NA,"12_cluster","Capitol Lake area, Louisiana",NA,"control",2025-02-10,2025-03-01,19,NA,NA,NA,-12,-0.631578947368421,"depletion",0,0,"no_change",-12,-0.631578947368421,"depletion"
NA,"13_cluster","SSC Beach area, Mississippi",NA,"control",2019-02-25,2019-03-12,15,NA,NA,NA,0,0,"no_change",0,0,"no_change",0,0,"no_change"
NA,"13_cluster","SSC Beach area, Mississippi",NA,"control",2019-03-12,2019-03-20,8,NA,NA,NA,2,0.25,"accumulation",0,0,"no_change",2,0.25,"accumulation"
NA,"13_cluster","SSC Beach area, Mississippi",NA,"control",2019-03-20,2019-03-21,1,NA,NA,NA,10,10,"accumulation",0,0,"no_change",10,10,"accumulation"
NA,"13_cluster","SSC Beach area, Mississippi",NA,"control",2019-03-21,2019-03-22,1,NA,NA,NA,-10,-10,"depletion",0,0,"no_change",-10,-10,"depletion"
NA,"13_cluster","SSC Beach area, Mississippi",NA,"control",2019-03-22,2019-03-29,7,NA,NA,NA,-3,-0.428571428571429,"depletion",0,0,"no_change",-3,-0.428571428571429,"depletion"
NA,"13_cluster","SSC Beach area, Mississippi",NA,"control",2019-03-29,2019-04-10,12,NA,NA,NA,18,1.5,"accumulation",0,0,"no_change",18,1.5,"accumulation"
NA,"13_cluster","SSC Beach area, Mississippi",NA,"control",2019-04-10,2019-04-11,1,NA,NA,NA,NA,NA,"no_change",88,88,"accumulation",65,65,"accumulation"
NA,"13_cluster","SSC Beach area, Mississippi",NA,"control",2019-04-11,2019-04-17,6,NA,NA,NA,NA,NA,"no_change",-88,-14.6666666666667,"depletion",-19,-3.16666666666667,"depletion"
NA,"13_cluster","SSC Beach area, Mississippi",NA,"control",2019-04-17,2019-05-01,14,NA,NA,NA,NA,NA,"no_change",39,2.78571428571429,"accumulation",-30,-2.14285714285714,"depletion"
NA,"13_cluster","SSC Beach area, Mississippi",NA,"control",2019-05-01,2019-05-03,2,NA,NA,NA,NA,NA,"no_change",-1,-0.5,"depletion",-1,-0.5,"depletion"
NA,"13_cluster","SSC Beach area, Mississippi",NA,"control",2019-05-03,2019-05-20,17,NA,NA,NA,NA,NA,"no_change",-38,-2.23529411764706,"depletion",-24,-1.41176470588235,"depletion"
NA,"13_cluster","SSC Beach area, Mississippi",NA,"control",2019-05-20,2020-01-06,231,NA,NA,NA,-12,-0.051948051948052,"depletion",0,0,"no_change",-12,-0.051948051948052,"depletion"
NA,"13_cluster","SSC Beach area, Mississippi",NA,"control",2020-01-06,2020-01-13,7,NA,NA,NA,NA,NA,"no_change",23,3.28571428571429,"accumulation",21,3,"accumulation"
NA,"13_cluster","SSC Beach area, Mississippi",NA,"control",2020-01-13,2020-01-16,3,NA,NA,NA,NA,NA,"no_change",-13,-4.33333333333333,"depletion",-13,-4.33333333333333,"depletion"
NA,"13_cluster","SSC Beach area, Mississippi",NA,"control",2020-01-16,2020-01-24,8,NA,NA,NA,NA,NA,"no_change",-4,-0.5,"depletion",-4,-0.5,"depletion"
NA,"13_cluster","SSC Beach area, Mississippi",NA,"control",2020-01-24,2020-01-30,6,NA,NA,NA,NA,NA,"no_change",25,4.16666666666667,"accumulation",25,4.16666666666667,"accumulation"
NA,"13_cluster","SSC Beach area, Mississippi",NA,"control",2020-01-30,2020-02-07,8,NA,NA,NA,NA,NA,"no_change",-21,-2.625,"depletion",-21,-2.625,"depletion"
NA,"13_cluster","SSC Beach area, Mississippi",NA,"control",2020-02-07,2020-03-05,27,NA,NA,NA,NA,NA,"no_change",16,0.592592592592593,"accumulation",16,0.592592592592593,"accumulation"
NA,"13_cluster","SSC Beach area, Mississippi",NA,"control",2020-03-05,2020-03-06,1,NA,NA,NA,NA,NA,"no_change",-8,-8,"depletion",-8,-8,"depletion"
NA,"13_cluster","SSC Beach area, Mississippi",NA,"control",2020-03-06,2020-03-13,7,NA,NA,NA,NA,NA,"no_change",-18,-2.57142857142857,"depletion",-16,-2.28571428571429,"depletion"
NA,"13_cluster","SSC Beach area, Mississippi",NA,"control",2020-03-13,2020-12-11,273,NA,NA,NA,NA,NA,"no_change",1,0.00366300366300366,"accumulation",-1,-0.00366300366300366,"depletion"
NA,"13_cluster","SSC Beach area, Mississippi",NA,"control",2020-12-11,2021-01-07,27,NA,NA,NA,NA,NA,"no_change",9,0.333333333333333,"accumulation",9,0.333333333333333,"accumulation"
NA,"13_cluster","SSC Beach area, Mississippi",NA,"control",2021-01-07,2021-01-15,8,NA,NA,NA,NA,NA,"no_change",-2,-0.25,"depletion",-2,-0.25,"depletion"
NA,"13_cluster","SSC Beach area, Mississippi",NA,"control",2021-01-15,2021-02-02,18,NA,NA,NA,NA,NA,"no_change",0,0,"no_change",8,0.444444444444444,"accumulation"
NA,"13_cluster","SSC Beach area, Mississippi",NA,"control",2021-02-02,2021-02-03,1,NA,NA,NA,NA,NA,"no_change",-1,-1,"depletion",-1,-1,"depletion"
NA,"13_cluster","SSC Beach area, Mississippi",NA,"control",2021-02-03,2021-02-04,1,NA,NA,NA,NA,NA,"no_change",11,11,"accumulation",3,3,"accumulation"
NA,"13_cluster","SSC Beach area, Mississippi",NA,"control",2021-02-04,2021-02-23,19,NA,NA,NA,NA,NA,"no_change",-9,-0.473684210526316,"depletion",-9,-0.473684210526316,"depletion"
NA,"13_cluster","SSC Beach area, Mississippi",NA,"control",2021-02-23,2021-02-24,1,NA,NA,NA,NA,NA,"no_change",-7,-7,"depletion",-7,-7,"depletion"
NA,"13_cluster","SSC Beach area, Mississippi",NA,"control",2021-02-24,2021-03-05,9,NA,NA,NA,NA,NA,"no_change",1,0.111111111111111,"accumulation",1,0.111111111111111,"accumulation"
NA,"13_cluster","SSC Beach area, Mississippi",NA,"control",2021-03-05,2021-03-08,3,NA,NA,NA,NA,NA,"no_change",0,0,"no_change",0,0,"no_change"
NA,"13_cluster","SSC Beach area, Mississippi",NA,"control",2021-03-08,2021-03-09,1,NA,NA,NA,NA,NA,"no_change",6,6,"accumulation",6,6,"accumulation"
NA,"13_cluster","SSC Beach area, Mississippi",NA,"control",2021-03-09,2021-03-10,1,NA,NA,NA,NA,NA,"no_change",5,5,"accumulation",-1,-1,"depletion"
NA,"13_cluster","SSC Beach area, Mississippi",NA,"control",2021-03-10,2021-03-11,1,NA,NA,NA,NA,NA,"no_change",-10,-10,"depletion",-4,-4,"depletion"
NA,"13_cluster","SSC Beach area, Mississippi",NA,"control",2021-03-11,2021-03-22,11,NA,NA,NA,NA,NA,"no_change",7,0.636363636363636,"accumulation",7,0.636363636363636,"accumulation"
NA,"13_cluster","SSC Beach area, Mississippi",NA,"control",2021-03-22,2021-03-29,7,NA,NA,NA,NA,NA,"no_change",-5,-0.714285714285714,"depletion",-5,-0.714285714285714,"depletion"
NA,"13_cluster","SSC Beach area, Mississippi",NA,"control",2021-03-29,2021-03-30,1,NA,NA,NA,NA,NA,"no_change",-1,-1,"depletion",-1,-1,"depletion"
NA,"13_cluster","SSC Beach area, Mississippi",NA,"control",2021-03-30,2021-04-12,13,NA,NA,NA,NA,NA,"no_change",9,0.692307692307692,"accumulation",9,0.692307692307692,"accumulation"
NA,"13_cluster","SSC Beach area, Mississippi",NA,"control",2021-04-12,2021-04-15,3,NA,NA,NA,NA,NA,"no_change",50,16.6666666666667,"accumulation",50,16.6666666666667,"accumulation"
NA,"13_cluster","SSC Beach area, Mississippi",NA,"control",2021-04-15,2021-04-16,1,NA,NA,NA,NA,NA,"no_change",51,51,"accumulation",19,19,"accumulation"
NA,"13_cluster","SSC Beach area, Mississippi",NA,"control",2021-04-16,2021-04-26,10,NA,NA,NA,NA,NA,"no_change",-102,-10.2,"depletion",-70,-7,"depletion"
NA,"13_cluster","SSC Beach area, Mississippi",NA,"control",2021-04-26,2021-04-28,2,NA,NA,NA,NA,NA,"no_change",-2,-1,"depletion",-1,-0.5,"depletion"
NA,"13_cluster","SSC Beach area, Mississippi",NA,"control",2021-04-28,2021-05-03,5,NA,NA,NA,NA,NA,"no_change",0,0,"no_change",-1,-0.2,"depletion"
NA,"13_cluster","SSC Beach area, Mississippi",NA,"control",2021-05-03,2021-10-15,165,NA,NA,NA,NA,NA,"no_change",0,0,"no_change",0,0,"no_change"
NA,"13_cluster","SSC Beach area, Mississippi",NA,"control",2021-10-15,2021-10-18,3,NA,NA,NA,NA,NA,"no_change",0,0,"no_change",0,0,"no_change"
NA,"13_cluster","SSC Beach area, Mississippi",NA,"control",2021-10-18,2021-10-22,4,NA,NA,NA,NA,NA,"no_change",-8,-2,"depletion",-8,-2,"depletion"
NA,"13_cluster","SSC Beach area, Mississippi",NA,"control",2021-10-22,2021-10-25,3,NA,NA,NA,NA,NA,"no_change",3,1,"accumulation",3,1,"accumulation"
NA,"13_cluster","SSC Beach area, Mississippi",NA,"control",2021-10-25,2021-10-26,1,NA,NA,NA,NA,NA,"no_change",-5,-5,"depletion",-5,-5,"depletion"
NA,"13_cluster","SSC Beach area, Mississippi",NA,"control",2021-10-26,2021-11-01,6,NA,NA,NA,NA,NA,"no_change",1,0.166666666666667,"accumulation",1,0.166666666666667,"accumulation"
NA,"13_cluster","SSC Beach area, Mississippi",NA,"control",2021-11-01,2021-11-04,3,NA,NA,NA,NA,NA,"no_change",1,0.333333333333333,"accumulation",1,0.333333333333333,"accumulation"
NA,"13_cluster","SSC Beach area, Mississippi",NA,"control",2021-11-04,2021-11-05,1,NA,NA,NA,NA,NA,"no_change",0,0,"no_change",0,0,"no_change"
NA,"13_cluster","SSC Beach area, Mississippi",NA,"control",2021-11-05,2021-11-08,3,NA,NA,NA,NA,NA,"no_change",0,0,"no_change",0,0,"no_change"
NA,"13_cluster","SSC Beach area, Mississippi",NA,"control",2021-11-08,2021-11-09,1,NA,NA,NA,NA,NA,"no_change",4,4,"accumulation",4,4,"accumulation"
NA,"13_cluster","SSC Beach area, Mississippi",NA,"control",2021-11-09,2021-11-11,2,NA,NA,NA,NA,NA,"no_change",10,5,"accumulation",10,5,"accumulation"
NA,"13_cluster","SSC Beach area, Mississippi",NA,"control",2021-11-11,2021-11-15,4,NA,NA,NA,NA,NA,"no_change",-9,-2.25,"depletion",-9,-2.25,"depletion"
NA,"13_cluster","SSC Beach area, Mississippi",NA,"control",2021-11-15,2021-11-16,1,NA,NA,NA,NA,NA,"no_change",2,2,"accumulation",2,2,"accumulation"
NA,"13_cluster","SSC Beach area, Mississippi",NA,"control",2021-11-16,2021-11-17,1,NA,NA,NA,NA,NA,"no_change",-8,-8,"depletion",-8,-8,"depletion"
NA,"13_cluster","SSC Beach area, Mississippi",NA,"control",2021-11-17,2021-11-29,12,NA,NA,NA,NA,NA,"no_change",50,4.16666666666667,"accumulation",50,4.16666666666667,"accumulation"
NA,"13_cluster","SSC Beach area, Mississippi",NA,"control",2021-11-29,2021-11-30,1,NA,NA,NA,NA,NA,"no_change",-39,-39,"depletion",-39,-39,"depletion"
NA,"13_cluster","SSC Beach area, Mississippi",NA,"control",2021-11-30,2021-12-01,1,NA,NA,NA,NA,NA,"no_change",-4,-4,"depletion",-4,-4,"depletion"
NA,"13_cluster","SSC Beach area, Mississippi",NA,"control",2021-12-01,2021-12-06,5,NA,NA,NA,NA,NA,"no_change",9,1.8,"accumulation",9,1.8,"accumulation"
NA,"13_cluster","SSC Beach area, Mississippi",NA,"control",2021-12-06,2021-12-07,1,NA,NA,NA,NA,NA,"no_change",0,0,"no_change",0,0,"no_change"
NA,"13_cluster","SSC Beach area, Mississippi",NA,"control",2021-12-07,2021-12-10,3,NA,NA,NA,NA,NA,"no_change",-8,-2.66666666666667,"depletion",-8,-2.66666666666667,"depletion"
NA,"13_cluster","SSC Beach area, Mississippi",NA,"control",2021-12-10,2022-01-10,31,NA,NA,NA,NA,NA,"no_change",-4,-0.129032258064516,"depletion",-4,-0.129032258064516,"depletion"
NA,"13_cluster","SSC Beach area, Mississippi",NA,"control",2022-01-10,2022-01-11,1,NA,NA,NA,NA,NA,"no_change",1,1,"accumulation",1,1,"accumulation"
NA,"13_cluster","SSC Beach area, Mississippi",NA,"control",2022-01-11,2022-01-13,2,NA,NA,NA,NA,NA,"no_change",-7,-3.5,"depletion",4,2,"accumulation"
NA,"13_cluster","SSC Beach area, Mississippi",NA,"control",2022-01-13,2022-02-01,19,NA,NA,NA,8,0.421052631578947,"accumulation",0,0,"no_change",8,0.421052631578947,"accumulation"
NA,"13_cluster","SSC Beach area, Mississippi",NA,"control",2022-02-01,2022-02-03,2,NA,NA,NA,-18,-9,"depletion",0,0,"no_change",-18,-9,"depletion"
NA,"13_cluster","SSC Beach area, Mississippi",NA,"control",2022-02-03,2022-02-08,5,NA,NA,NA,NA,NA,"no_change",15,3,"accumulation",14,2.8,"accumulation"
NA,"13_cluster","SSC Beach area, Mississippi",NA,"control",2022-02-08,2022-02-09,1,NA,NA,NA,NA,NA,"no_change",-3,-3,"depletion",-6,-6,"depletion"
NA,"13_cluster","SSC Beach area, Mississippi",NA,"control",2022-02-09,2022-02-10,1,NA,NA,NA,NA,NA,"no_change",9,9,"accumulation",12,12,"accumulation"
NA,"13_cluster","SSC Beach area, Mississippi",NA,"control",2022-02-10,2022-02-14,4,NA,NA,NA,NA,NA,"no_change",-14,-3.5,"depletion",-14,-3.5,"depletion"
NA,"13_cluster","SSC Beach area, Mississippi",NA,"control",2022-02-14,2022-02-15,1,NA,NA,NA,NA,NA,"no_change",5,5,"accumulation",5,5,"accumulation"
NA,"13_cluster","SSC Beach area, Mississippi",NA,"control",2022-02-15,2022-02-21,6,NA,NA,NA,NA,NA,"no_change",-9,-1.5,"depletion",-9,-1.5,"depletion"
NA,"13_cluster","SSC Beach area, Mississippi",NA,"control",2022-02-21,2022-02-25,4,NA,NA,NA,NA,NA,"no_change",13,3.25,"accumulation",13,3.25,"accumulation"
NA,"13_cluster","SSC Beach area, Mississippi",NA,"control",2022-02-25,2022-03-07,10,NA,NA,NA,NA,NA,"no_change",-11,-1.1,"depletion",-11,-1.1,"depletion"
NA,"13_cluster","SSC Beach area, Mississippi",NA,"control",2022-03-07,2022-03-14,7,NA,NA,NA,NA,NA,"no_change",-1,-0.142857142857143,"depletion",-1,-0.142857142857143,"depletion"
NA,"13_cluster","SSC Beach area, Mississippi",NA,"control",2022-03-14,2022-03-16,2,NA,NA,NA,NA,NA,"no_change",1,0.5,"accumulation",1,0.5,"accumulation"
NA,"13_cluster","SSC Beach area, Mississippi",NA,"control",2022-03-16,2022-03-17,1,NA,NA,NA,NA,NA,"no_change",23,23,"accumulation",23,23,"accumulation"
NA,"13_cluster","SSC Beach area, Mississippi",NA,"control",2022-03-17,2022-03-24,7,NA,NA,NA,NA,NA,"no_change",-12,-1.71428571428571,"depletion",-12,-1.71428571428571,"depletion"
NA,"13_cluster","SSC Beach area, Mississippi",NA,"control",2022-03-24,2022-05-04,41,NA,NA,NA,NA,NA,"no_change",-16,-0.390243902439024,"depletion",14,0.341463414634146,"accumulation"
NA,"13_cluster","SSC Beach area, Mississippi",NA,"control",2022-05-04,2022-08-11,99,NA,NA,NA,-19,-0.191919191919192,"depletion",0,0,"no_change",-19,-0.191919191919192,"depletion"
NA,"13_cluster","SSC Beach area, Mississippi",NA,"control",2022-08-11,2022-08-13,2,NA,NA,NA,NA,NA,"no_change",8,4,"accumulation",-3,-1.5,"depletion"
NA,"13_cluster","SSC Beach area, Mississippi",NA,"control",2022-08-13,2023-01-04,144,NA,NA,NA,NA,NA,"no_change",-8,-0.0555555555555556,"depletion",-3,-0.0208333333333333,"depletion"
NA,"13_cluster","SSC Beach area, Mississippi",NA,"control",2023-01-04,2023-01-05,1,NA,NA,NA,-2,-2,"depletion",0,0,"no_change",-2,-2,"depletion"
NA,"13_cluster","SSC Beach area, Mississippi",NA,"control",2023-01-05,2023-01-10,5,NA,NA,NA,-2,-0.4,"depletion",0,0,"no_change",-2,-0.4,"depletion"
NA,"13_cluster","SSC Beach area, Mississippi",NA,"control",2023-01-10,2023-01-17,7,NA,NA,NA,9,1.28571428571429,"accumulation",0,0,"no_change",9,1.28571428571429,"accumulation"
NA,"13_cluster","SSC Beach area, Mississippi",NA,"control",2023-01-17,2023-01-19,2,NA,NA,NA,-9,-4.5,"depletion",0,0,"no_change",-9,-4.5,"depletion"
NA,"13_cluster","SSC Beach area, Mississippi",NA,"control",2023-01-19,2023-01-26,7,NA,NA,NA,2,0.285714285714286,"accumulation",0,0,"no_change",2,0.285714285714286,"accumulation"
NA,"13_cluster","SSC Beach area, Mississippi",NA,"control",2023-01-26,2023-01-27,1,NA,NA,NA,4,4,"accumulation",0,0,"no_change",4,4,"accumulation"
NA,"13_cluster","SSC Beach area, Mississippi",NA,"control",2023-01-27,2023-01-30,3,NA,NA,NA,-3,-1,"depletion",0,0,"no_change",-3,-1,"depletion"
NA,"13_cluster","SSC Beach area, Mississippi",NA,"control",2023-01-30,2023-01-31,1,NA,NA,NA,2,2,"accumulation",0,0,"no_change",2,2,"accumulation"
NA,"13_cluster","SSC Beach area, Mississippi",NA,"control",2023-01-31,2023-02-06,6,NA,NA,NA,0,0,"no_change",0,0,"no_change",0,0,"no_change"
NA,"13_cluster","SSC Beach area, Mississippi",NA,"control",2023-02-06,2023-02-08,2,NA,NA,NA,-3,-1.5,"depletion",0,0,"no_change",-3,-1.5,"depletion"
NA,"13_cluster","SSC Beach area, Mississippi",NA,"control",2023-02-08,2023-02-10,2,NA,NA,NA,5,2.5,"accumulation",0,0,"no_change",5,2.5,"accumulation"
NA,"13_cluster","SSC Beach area, Mississippi",NA,"control",2023-02-10,2023-02-15,5,NA,NA,NA,-6,-1.2,"depletion",0,0,"no_change",-6,-1.2,"depletion"
NA,"13_cluster","SSC Beach area, Mississippi",NA,"control",2023-02-15,2023-02-16,1,NA,NA,NA,3,3,"accumulation",0,0,"no_change",3,3,"accumulation"
NA,"13_cluster","SSC Beach area, Mississippi",NA,"control",2023-02-16,2023-03-01,13,NA,NA,NA,3,0.230769230769231,"accumulation",0,0,"no_change",3,0.230769230769231,"accumulation"
NA,"13_cluster","SSC Beach area, Mississippi",NA,"control",2023-03-01,2023-10-01,214,NA,NA,NA,-2,-0.00934579439252336,"depletion",0,0,"no_change",-2,-0.00934579439252336,"depletion"
NA,"13_cluster","SSC Beach area, Mississippi",NA,"control",2023-10-01,2023-10-04,3,NA,NA,NA,NA,NA,"no_change",9,3,"accumulation",3,1,"accumulation"
NA,"13_cluster","SSC Beach area, Mississippi",NA,"control",2023-10-04,2023-10-18,14,NA,NA,NA,NA,NA,"no_change",9,0.642857142857143,"accumulation",9,0.642857142857143,"accumulation"
NA,"13_cluster","SSC Beach area, Mississippi",NA,"control",2023-10-18,2023-11-28,41,NA,NA,NA,NA,NA,"no_change",-6,-0.146341463414634,"depletion",-6,-0.146341463414634,"depletion"
NA,"13_cluster","SSC Beach area, Mississippi",NA,"control",2023-11-28,2023-12-01,3,NA,NA,NA,NA,NA,"no_change",-3,-1,"depletion",-3,-1,"depletion"
NA,"13_cluster","SSC Beach area, Mississippi",NA,"control",2023-12-01,2024-01-30,60,NA,NA,NA,NA,NA,"no_change",-4,-0.0666666666666667,"depletion",-4,-0.0666666666666667,"depletion"
NA,"13_cluster","SSC Beach area, Mississippi",NA,"control",2024-01-30,2024-01-31,1,NA,NA,NA,NA,NA,"no_change",-1,-1,"depletion",-1,-1,"depletion"
NA,"13_cluster","SSC Beach area, Mississippi",NA,"control",2024-01-31,2024-02-02,2,NA,NA,NA,NA,NA,"no_change",0,0,"no_change",0,0,"no_change"
NA,"13_cluster","SSC Beach area, Mississippi",NA,"control",2024-02-02,2024-02-07,5,NA,NA,NA,NA,NA,"no_change",-4,-0.8,"depletion",-2,-0.4,"depletion"
NA,"13_cluster","SSC Beach area, Mississippi",NA,"control",2024-02-07,2024-03-07,29,NA,NA,NA,NA,NA,"no_change",9,0.310344827586207,"accumulation",7,0.241379310344828,"accumulation"
NA,"13_cluster","SSC Beach area, Mississippi",NA,"control",2024-03-07,2024-03-08,1,NA,NA,NA,NA,NA,"no_change",1,1,"accumulation",-1,-1,"depletion"
NA,"13_cluster","SSC Beach area, Mississippi",NA,"control",2024-03-08,2024-03-10,2,NA,NA,NA,NA,NA,"no_change",-10,-5,"depletion",9,4.5,"accumulation"
NA,"13_cluster","SSC Beach area, Mississippi",NA,"control",2024-03-10,2024-05-02,53,NA,NA,NA,NA,NA,"no_change",2,0.0377358490566038,"accumulation",-15,-0.283018867924528,"depletion"
NA,"13_cluster","SSC Beach area, Mississippi",NA,"control",2024-05-02,2025-02-26,300,NA,NA,NA,NA,NA,"no_change",0,0,"no_change",1,0.00333333333333333,"accumulation"
NA,"13_cluster","SSC Beach area, Mississippi",NA,"control",2025-02-26,2025-02-27,1,NA,NA,NA,NA,NA,"no_change",-2,-2,"depletion",18,18,"accumulation"
NA,"142_cluster","Chalmette Battlefield National Historical Park area, Louisiana NW",NA,"control",2021-01-22,2022-01-06,349,NA,NA,NA,NA,NA,"no_change",210,0.601719197707736,"accumulation",-42,-0.120343839541547,"depletion"
NA,"142_cluster","Chalmette Battlefield National Historical Park area, Louisiana NW",NA,"control",2022-01-06,2022-04-30,114,NA,NA,NA,NA,NA,"no_change",-43,-0.37719298245614,"depletion",-43,-0.37719298245614,"depletion"
NA,"142_cluster","Chalmette Battlefield National Historical Park area, Louisiana NW",NA,"control",2022-04-30,2022-05-04,4,NA,NA,NA,NA,NA,"no_change",-41,-10.25,"depletion",-41,-10.25,"depletion"
NA,"14_cluster","El Jardin Beach, Seabrook, TX area, Texas",NA,"control",2020-01-15,2020-01-28,13,NA,NA,NA,NA,NA,"no_change",38,2.92307692307692,"accumulation",38,2.92307692307692,"accumulation"
NA,"14_cluster","El Jardin Beach, Seabrook, TX area, Texas",NA,"control",2020-01-28,2020-02-11,14,NA,NA,NA,NA,NA,"no_change",-72,-5.14285714285714,"depletion",-72,-5.14285714285714,"depletion"
NA,"14_cluster","El Jardin Beach, Seabrook, TX area, Texas",NA,"control",2020-02-11,2020-03-06,24,NA,NA,NA,NA,NA,"no_change",-119,-4.95833333333333,"depletion",-89,-3.70833333333333,"depletion"
NA,"14_cluster","El Jardin Beach, Seabrook, TX area, Texas",NA,"control",2020-03-06,2020-03-07,1,NA,NA,NA,NA,NA,"no_change",149,149,"accumulation",119,119,"accumulation"
NA,"14_cluster","El Jardin Beach, Seabrook, TX area, Texas",NA,"control",2020-03-07,2020-03-10,3,NA,NA,NA,NA,NA,"no_change",-88,-29.3333333333333,"depletion",-19,-6.33333333333333,"depletion"
NA,"14_cluster","El Jardin Beach, Seabrook, TX area, Texas",NA,"control",2020-03-10,2020-03-21,11,NA,NA,NA,NA,NA,"no_change",88,8,"accumulation",19,1.72727272727273,"accumulation"
NA,"14_cluster","El Jardin Beach, Seabrook, TX area, Texas",NA,"control",2020-03-21,2020-03-22,1,NA,NA,NA,NA,NA,"no_change",-11,-11,"depletion",-11,-11,"depletion"
NA,"14_cluster","El Jardin Beach, Seabrook, TX area, Texas",NA,"control",2020-03-22,2020-03-25,3,NA,NA,NA,NA,NA,"no_change",-8,-2.66666666666667,"depletion",-8,-2.66666666666667,"depletion"
NA,"14_cluster","El Jardin Beach, Seabrook, TX area, Texas",NA,"control",2020-03-25,2020-03-29,4,NA,NA,NA,NA,NA,"no_change",-130,-32.5,"depletion",14,3.5,"accumulation"
NA,"14_cluster","El Jardin Beach, Seabrook, TX area, Texas",NA,"control",2020-03-29,2020-05-06,38,NA,NA,NA,NA,NA,"no_change",150,3.94736842105263,"accumulation",6,0.157894736842105,"accumulation"
NA,"14_cluster","El Jardin Beach, Seabrook, TX area, Texas",NA,"control",2020-05-06,2020-05-07,1,NA,NA,NA,NA,NA,"no_change",2,2,"accumulation",2,2,"accumulation"
NA,"14_cluster","El Jardin Beach, Seabrook, TX area, Texas",NA,"control",2020-05-07,2021-01-29,267,NA,NA,NA,NA,NA,"no_change",-152,-0.569288389513109,"depletion",-53,-0.198501872659176,"depletion"
NA,"14_cluster","El Jardin Beach, Seabrook, TX area, Texas",NA,"control",2021-01-29,2021-02-02,4,NA,NA,NA,NA,NA,"no_change",17,4.25,"accumulation",-82,-20.5,"depletion"
NA,"14_cluster","El Jardin Beach, Seabrook, TX area, Texas",NA,"control",2021-02-02,2021-04-02,59,NA,NA,NA,NA,NA,"no_change",-17,-0.288135593220339,"depletion",-1,-0.0169491525423729,"depletion"
NA,"14_cluster","El Jardin Beach, Seabrook, TX area, Texas",NA,"control",2021-04-02,2021-04-17,15,NA,NA,NA,NA,NA,"no_change",99,6.6,"accumulation",83,5.53333333333333,"accumulation"
NA,"14_cluster","El Jardin Beach, Seabrook, TX area, Texas",NA,"control",2021-04-17,2021-04-23,6,NA,NA,NA,NA,NA,"no_change",2847,474.5,"accumulation",2847,474.5,"accumulation"
NA,"14_cluster","El Jardin Beach, Seabrook, TX area, Texas",NA,"control",2021-04-23,2021-04-29,6,NA,NA,NA,NA,NA,"no_change",-2946,-491,"depletion",-2769,-461.5,"depletion"
NA,"14_cluster","El Jardin Beach, Seabrook, TX area, Texas",NA,"control",2021-04-29,2021-05-13,14,NA,NA,NA,NA,NA,"no_change",417,29.7857142857143,"accumulation",240,17.1428571428571,"accumulation"
NA,"14_cluster","El Jardin Beach, Seabrook, TX area, Texas",NA,"control",2021-05-13,2021-10-26,166,NA,NA,NA,NA,NA,"no_change",-293,-1.76506024096386,"depletion",-293,-1.76506024096386,"depletion"
NA,"14_cluster","El Jardin Beach, Seabrook, TX area, Texas",NA,"control",2021-10-26,2021-10-27,1,NA,NA,NA,NA,NA,"no_change",-19,-19,"depletion",-19,-19,"depletion"
NA,"14_cluster","El Jardin Beach, Seabrook, TX area, Texas",NA,"control",2021-10-27,2022-02-11,107,NA,NA,NA,NA,NA,"no_change",-105,-0.981308411214953,"depletion",-25,-0.233644859813084,"depletion"
NA,"14_cluster","El Jardin Beach, Seabrook, TX area, Texas",NA,"control",2022-02-11,2023-10-18,614,NA,NA,NA,52,0.0846905537459283,"accumulation",0,0,"no_change",52,0.0846905537459283,"accumulation"
NA,"14_cluster","El Jardin Beach, Seabrook, TX area, Texas",NA,"control",2023-10-18,2025-02-15,486,NA,NA,NA,-94,-0.193415637860082,"depletion",0,0,"no_change",-94,-0.193415637860082,"depletion"
NA,"158_cluster","400 Todville Road & Waterfront , Seabrook, TX 77586 area, Texas",NA,"control",2021-01-26,2021-01-27,1,NA,NA,NA,-9,-9,"depletion",0,0,"no_change",-9,-9,"depletion"
NA,"158_cluster","400 Todville Road & Waterfront , Seabrook, TX 77586 area, Texas",NA,"control",2021-01-27,2021-02-02,6,NA,NA,NA,-44,-7.33333333333333,"depletion",0,0,"no_change",-44,-7.33333333333333,"depletion"
NA,"158_cluster","400 Todville Road & Waterfront , Seabrook, TX 77586 area, Texas",NA,"control",2021-02-02,2021-12-28,329,NA,NA,NA,3,0.00911854103343465,"accumulation",0,0,"no_change",3,0.00911854103343465,"accumulation"
NA,"158_cluster","400 Todville Road & Waterfront , Seabrook, TX 77586 area, Texas",NA,"control",2021-12-28,2022-02-11,45,NA,NA,NA,-5,-0.111111111111111,"depletion",0,0,"no_change",-5,-0.111111111111111,"depletion"
NA,"17_cluster","Bob Hall Pier area, Texas",NA,"control",2018-11-20,2018-11-28,8,NA,NA,NA,28,3.5,"accumulation",0,0,"no_change",28,3.5,"accumulation"
NA,"17_cluster","Bob Hall Pier area, Texas",NA,"control",2018-11-28,2018-11-30,2,NA,NA,NA,-79,-39.5,"depletion",0,0,"no_change",-79,-39.5,"depletion"
NA,"17_cluster","Bob Hall Pier area, Texas",NA,"control",2018-11-30,2018-12-01,1,NA,NA,NA,24,24,"accumulation",0,0,"no_change",24,24,"accumulation"
NA,"17_cluster","Bob Hall Pier area, Texas",NA,"control",2018-12-01,2018-12-03,2,NA,NA,NA,-6,-3,"depletion",0,0,"no_change",-6,-3,"depletion"
NA,"17_cluster","Bob Hall Pier area, Texas",NA,"control",2018-12-03,2018-12-06,3,NA,NA,NA,NA,NA,"no_change",123,41,"accumulation",57,19,"accumulation"
NA,"17_cluster","Bob Hall Pier area, Texas",NA,"control",2018-12-06,2018-12-09,3,NA,NA,NA,NA,NA,"no_change",-123,-41,"depletion",-108,-36,"depletion"
NA,"17_cluster","Bob Hall Pier area, Texas",NA,"control",2018-12-09,2018-12-13,4,NA,NA,NA,50,12.5,"accumulation",0,0,"no_change",50,12.5,"accumulation"
NA,"17_cluster","Bob Hall Pier area, Texas",NA,"control",2018-12-13,2018-12-16,3,NA,NA,NA,5,1.66666666666667,"accumulation",0,0,"no_change",5,1.66666666666667,"accumulation"
NA,"17_cluster","Bob Hall Pier area, Texas",NA,"control",2018-12-16,2018-12-18,2,NA,NA,NA,-35,-17.5,"depletion",0,0,"no_change",-35,-17.5,"depletion"
NA,"17_cluster","Bob Hall Pier area, Texas",NA,"control",2018-12-18,2018-12-19,1,NA,NA,NA,-4,-4,"depletion",0,0,"no_change",-4,-4,"depletion"
NA,"17_cluster","Bob Hall Pier area, Texas",NA,"control",2018-12-19,2018-12-24,5,NA,NA,NA,-5,-1,"depletion",0,0,"no_change",-5,-1,"depletion"
NA,"17_cluster","Bob Hall Pier area, Texas",NA,"control",2018-12-24,2018-12-26,2,NA,NA,NA,164,82,"accumulation",0,0,"no_change",164,82,"accumulation"
NA,"17_cluster","Bob Hall Pier area, Texas",NA,"control",2018-12-26,2018-12-30,4,NA,NA,NA,-143,-35.75,"depletion",0,0,"no_change",-143,-35.75,"depletion"
NA,"17_cluster","Bob Hall Pier area, Texas",NA,"control",2018-12-30,2019-01-04,5,NA,NA,NA,-33,-6.6,"depletion",0,0,"no_change",-33,-6.6,"depletion"
NA,"17_cluster","Bob Hall Pier area, Texas",NA,"control",2019-01-04,2019-01-12,8,NA,NA,NA,112,14,"accumulation",0,0,"no_change",112,14,"accumulation"
NA,"17_cluster","Bob Hall Pier area, Texas",NA,"control",2019-01-12,2019-01-17,5,NA,NA,NA,-92,-18.4,"depletion",0,0,"no_change",-92,-18.4,"depletion"
NA,"17_cluster","Bob Hall Pier area, Texas",NA,"control",2019-01-17,2019-01-20,3,NA,NA,NA,-19,-6.33333333333333,"depletion",0,0,"no_change",-19,-6.33333333333333,"depletion"
NA,"17_cluster","Bob Hall Pier area, Texas",NA,"control",2019-01-20,2019-01-22,2,NA,NA,NA,52,26,"accumulation",0,0,"no_change",52,26,"accumulation"
NA,"17_cluster","Bob Hall Pier area, Texas",NA,"control",2019-01-22,2019-01-24,2,NA,NA,NA,7,3.5,"accumulation",0,0,"no_change",7,3.5,"accumulation"
NA,"17_cluster","Bob Hall Pier area, Texas",NA,"control",2019-01-24,2019-01-27,3,NA,NA,NA,-18,-6,"depletion",0,0,"no_change",-18,-6,"depletion"
NA,"17_cluster","Bob Hall Pier area, Texas",NA,"control",2019-01-27,2019-01-28,1,NA,NA,NA,-34,-34,"depletion",0,0,"no_change",-34,-34,"depletion"
NA,"17_cluster","Bob Hall Pier area, Texas",NA,"control",2019-01-28,2019-02-01,4,NA,NA,NA,-14,-3.5,"depletion",0,0,"no_change",-14,-3.5,"depletion"
NA,"17_cluster","Bob Hall Pier area, Texas",NA,"control",2019-02-01,2019-02-03,2,NA,NA,NA,126,63,"accumulation",0,0,"no_change",126,63,"accumulation"
NA,"17_cluster","Bob Hall Pier area, Texas",NA,"control",2019-02-03,2019-02-07,4,NA,NA,NA,-59,-14.75,"depletion",0,0,"no_change",-59,-14.75,"depletion"
NA,"17_cluster","Bob Hall Pier area, Texas",NA,"control",2019-02-07,2019-02-10,3,NA,NA,NA,NA,NA,"no_change",119,39.6666666666667,"accumulation",44,14.6666666666667,"accumulation"
NA,"17_cluster","Bob Hall Pier area, Texas",NA,"control",2019-02-10,2019-02-11,1,NA,NA,NA,NA,NA,"no_change",-77,-77,"depletion",-77,-77,"depletion"
NA,"17_cluster","Bob Hall Pier area, Texas",NA,"control",2019-02-11,2019-02-12,1,NA,NA,NA,NA,NA,"no_change",33,33,"accumulation",32,32,"accumulation"
NA,"17_cluster","Bob Hall Pier area, Texas",NA,"control",2019-02-12,2019-02-13,1,NA,NA,NA,NA,NA,"no_change",11,11,"accumulation",12,12,"accumulation"
NA,"17_cluster","Bob Hall Pier area, Texas",NA,"control",2019-02-13,2019-02-14,1,NA,NA,NA,NA,NA,"no_change",-86,-86,"depletion",-75,-75,"depletion"
NA,"17_cluster","Bob Hall Pier area, Texas",NA,"control",2019-02-14,2019-02-17,3,NA,NA,NA,30,10,"accumulation",0,0,"no_change",30,10,"accumulation"
NA,"17_cluster","Bob Hall Pier area, Texas",NA,"control",2019-02-17,2019-02-18,1,NA,NA,NA,27,27,"accumulation",0,0,"no_change",27,27,"accumulation"
NA,"17_cluster","Bob Hall Pier area, Texas",NA,"control",2019-02-18,2019-02-23,5,NA,NA,NA,13,2.6,"accumulation",0,0,"no_change",13,2.6,"accumulation"
NA,"17_cluster","Bob Hall Pier area, Texas",NA,"control",2019-02-23,2019-02-27,4,NA,NA,NA,-34,-8.5,"depletion",0,0,"no_change",-34,-8.5,"depletion"
NA,"17_cluster","Bob Hall Pier area, Texas",NA,"control",2019-02-27,2019-03-02,3,NA,NA,NA,151,50.3333333333333,"accumulation",0,0,"no_change",151,50.3333333333333,"accumulation"
NA,"17_cluster","Bob Hall Pier area, Texas",NA,"control",2019-03-02,2019-03-08,6,NA,NA,NA,NA,NA,"no_change",142,23.6666666666667,"accumulation",-56,-9.33333333333333,"depletion"
NA,"17_cluster","Bob Hall Pier area, Texas",NA,"control",2019-03-08,2019-03-09,1,NA,NA,NA,NA,NA,"no_change",80,80,"accumulation",8,8,"accumulation"
NA,"17_cluster","Bob Hall Pier area, Texas",NA,"control",2019-03-09,2019-03-11,2,NA,NA,NA,NA,NA,"no_change",-222,-111,"depletion",-92,-46,"depletion"
NA,"17_cluster","Bob Hall Pier area, Texas",NA,"control",2019-03-11,2019-03-16,5,NA,NA,NA,63,12.6,"accumulation",0,0,"no_change",63,12.6,"accumulation"
NA,"17_cluster","Bob Hall Pier area, Texas",NA,"control",2019-03-16,2019-03-17,1,NA,NA,NA,-68,-68,"depletion",0,0,"no_change",-68,-68,"depletion"
NA,"17_cluster","Bob Hall Pier area, Texas",NA,"control",2019-03-17,2019-03-18,1,NA,NA,NA,35,35,"accumulation",0,0,"no_change",35,35,"accumulation"
NA,"17_cluster","Bob Hall Pier area, Texas",NA,"control",2019-03-18,2019-03-20,2,NA,NA,NA,NA,NA,"no_change",30,15,"accumulation",-58,-29,"depletion"
NA,"17_cluster","Bob Hall Pier area, Texas",NA,"control",2019-03-20,2019-03-24,4,NA,NA,NA,NA,NA,"no_change",58,14.5,"accumulation",22,5.5,"accumulation"
NA,"17_cluster","Bob Hall Pier area, Texas",NA,"control",2019-03-24,2019-03-28,4,NA,NA,NA,NA,NA,"no_change",-88,-22,"depletion",-24,-6,"depletion"
NA,"17_cluster","Bob Hall Pier area, Texas",NA,"control",2019-03-28,2019-03-29,1,NA,NA,NA,NA,NA,"no_change",40,40,"accumulation",12,12,"accumulation"
NA,"17_cluster","Bob Hall Pier area, Texas",NA,"control",2019-03-29,2019-03-30,1,NA,NA,NA,NA,NA,"no_change",-20,-20,"depletion",-1,-1,"depletion"
NA,"17_cluster","Bob Hall Pier area, Texas",NA,"control",2019-03-30,2019-04-02,3,NA,NA,NA,NA,NA,"no_change",-20,-6.66666666666667,"depletion",11,3.66666666666667,"accumulation"
NA,"17_cluster","Bob Hall Pier area, Texas",NA,"control",2019-04-02,2019-04-04,2,NA,NA,NA,NA,NA,"no_change",64,32,"accumulation",14,7,"accumulation"
NA,"17_cluster","Bob Hall Pier area, Texas",NA,"control",2019-04-04,2019-04-05,1,NA,NA,NA,NA,NA,"no_change",-29,-29,"depletion",-29,-29,"depletion"
NA,"17_cluster","Bob Hall Pier area, Texas",NA,"control",2019-04-05,2019-04-06,1,NA,NA,NA,NA,NA,"no_change",-35,-35,"depletion",56,56,"accumulation"
NA,"17_cluster","Bob Hall Pier area, Texas",NA,"control",2019-04-06,2019-04-07,1,NA,NA,NA,NA,NA,"no_change",75,75,"accumulation",-35,-35,"depletion"
NA,"17_cluster","Bob Hall Pier area, Texas",NA,"control",2019-04-07,2019-04-08,1,NA,NA,NA,NA,NA,"no_change",-44,-44,"depletion",2,2,"accumulation"
NA,"17_cluster","Bob Hall Pier area, Texas",NA,"control",2019-04-08,2019-04-09,1,NA,NA,NA,NA,NA,"no_change",-31,-31,"depletion",-35,-35,"depletion"
NA,"17_cluster","Bob Hall Pier area, Texas",NA,"control",2019-04-09,2019-04-11,2,NA,NA,NA,NA,NA,"no_change",51,25.5,"accumulation",24,12,"accumulation"
NA,"17_cluster","Bob Hall Pier area, Texas",NA,"control",2019-04-11,2019-04-12,1,NA,NA,NA,NA,NA,"no_change",-51,-51,"depletion",50,50,"accumulation"
NA,"17_cluster","Bob Hall Pier area, Texas",NA,"control",2019-04-12,2019-04-13,1,NA,NA,NA,NA,NA,"no_change",73,73,"accumulation",-30,-30,"depletion"
NA,"17_cluster","Bob Hall Pier area, Texas",NA,"control",2019-04-13,2019-04-18,5,NA,NA,NA,NA,NA,"no_change",38,7.6,"accumulation",44,8.8,"accumulation"
NA,"17_cluster","Bob Hall Pier area, Texas",NA,"control",2019-04-18,2019-04-19,1,NA,NA,NA,NA,NA,"no_change",-110,-110,"depletion",-89,-89,"depletion"
NA,"17_cluster","Bob Hall Pier area, Texas",NA,"control",2019-04-19,2019-04-21,2,NA,NA,NA,NA,NA,"no_change",131,65.5,"accumulation",113,56.5,"accumulation"
NA,"17_cluster","Bob Hall Pier area, Texas",NA,"control",2019-04-21,2019-04-22,1,NA,NA,NA,NA,NA,"no_change",-123,-123,"depletion",-126,-126,"depletion"
NA,"17_cluster","Bob Hall Pier area, Texas",NA,"control",2019-04-22,2019-04-23,1,NA,NA,NA,NA,NA,"no_change",70,70,"accumulation",70,70,"accumulation"
NA,"17_cluster","Bob Hall Pier area, Texas",NA,"control",2019-04-23,2019-04-24,1,NA,NA,NA,NA,NA,"no_change",-38,-38,"depletion",-38,-38,"depletion"
NA,"17_cluster","Bob Hall Pier area, Texas",NA,"control",2019-04-24,2019-04-25,1,NA,NA,NA,NA,NA,"no_change",9,9,"accumulation",9,9,"accumulation"
NA,"17_cluster","Bob Hall Pier area, Texas",NA,"control",2019-04-25,2019-04-26,1,NA,NA,NA,NA,NA,"no_change",-47,-47,"depletion",-47,-47,"depletion"
NA,"17_cluster","Bob Hall Pier area, Texas",NA,"control",2019-04-26,2019-04-28,2,NA,NA,NA,NA,NA,"no_change",12,6,"accumulation",35,17.5,"accumulation"
NA,"17_cluster","Bob Hall Pier area, Texas",NA,"control",2019-04-28,2019-05-04,6,NA,NA,NA,NA,NA,"no_change",-9,-1.5,"depletion",-32,-5.33333333333333,"depletion"
NA,"17_cluster","Bob Hall Pier area, Texas",NA,"control",2019-05-04,2019-05-11,7,NA,NA,NA,NA,NA,"no_change",147,21,"accumulation",147,21,"accumulation"
NA,"17_cluster","Bob Hall Pier area, Texas",NA,"control",2019-05-11,2019-05-13,2,NA,NA,NA,NA,NA,"no_change",-54,-27,"depletion",-54,-27,"depletion"
NA,"17_cluster","Bob Hall Pier area, Texas",NA,"control",2019-05-13,2019-05-21,8,NA,NA,NA,NA,NA,"no_change",154,19.25,"accumulation",154,19.25,"accumulation"
NA,"17_cluster","Bob Hall Pier area, Texas",NA,"control",2019-05-21,2019-05-23,2,NA,NA,NA,NA,NA,"no_change",-253,-126.5,"depletion",-188,-94,"depletion"
NA,"17_cluster","Bob Hall Pier area, Texas",NA,"control",2019-05-23,2019-05-25,2,NA,NA,NA,-37,-18.5,"depletion",0,0,"no_change",-37,-18.5,"depletion"
NA,"17_cluster","Bob Hall Pier area, Texas",NA,"control",2019-05-25,2019-05-31,6,NA,NA,NA,-18,-3,"depletion",0,0,"no_change",-18,-3,"depletion"
NA,"17_cluster","Bob Hall Pier area, Texas",NA,"control",2019-05-31,2019-06-12,12,NA,NA,NA,NA,NA,"no_change",21,1.75,"accumulation",11,0.916666666666667,"accumulation"
NA,"17_cluster","Bob Hall Pier area, Texas",NA,"control",2019-06-12,2019-11-24,165,NA,NA,NA,NA,NA,"no_change",-20,-0.121212121212121,"depletion",-5,-0.0303030303030303,"depletion"
NA,"17_cluster","Bob Hall Pier area, Texas",NA,"control",2019-11-24,2019-11-26,2,NA,NA,NA,NA,NA,"no_change",101,50.5,"accumulation",86,43,"accumulation"
NA,"17_cluster","Bob Hall Pier area, Texas",NA,"control",2019-11-26,2019-11-29,3,NA,NA,NA,NA,NA,"no_change",-102,-34,"depletion",-54,-18,"depletion"
NA,"17_cluster","Bob Hall Pier area, Texas",NA,"control",2019-11-29,2019-12-02,3,NA,NA,NA,-14,-4.66666666666667,"depletion",0,0,"no_change",-14,-4.66666666666667,"depletion"
NA,"17_cluster","Bob Hall Pier area, Texas",NA,"control",2019-12-02,2019-12-03,1,NA,NA,NA,-33,-33,"depletion",0,0,"no_change",-33,-33,"depletion"
NA,"17_cluster","Bob Hall Pier area, Texas",NA,"control",2019-12-03,2019-12-05,2,NA,NA,NA,27,13.5,"accumulation",0,0,"no_change",27,13.5,"accumulation"
NA,"17_cluster","Bob Hall Pier area, Texas",NA,"control",2019-12-05,2019-12-10,5,NA,NA,NA,-26,-5.2,"depletion",0,0,"no_change",-26,-5.2,"depletion"
NA,"17_cluster","Bob Hall Pier area, Texas",NA,"control",2019-12-10,2019-12-11,1,NA,NA,NA,2,2,"accumulation",0,0,"no_change",2,2,"accumulation"
NA,"17_cluster","Bob Hall Pier area, Texas",NA,"control",2019-12-11,2019-12-14,3,NA,NA,NA,76,25.3333333333333,"accumulation",0,0,"no_change",76,25.3333333333333,"accumulation"
NA,"17_cluster","Bob Hall Pier area, Texas",NA,"control",2019-12-14,2019-12-22,8,NA,NA,NA,NA,NA,"no_change",184,23,"accumulation",150,18.75,"accumulation"
NA,"17_cluster","Bob Hall Pier area, Texas",NA,"control",2019-12-22,2019-12-24,2,NA,NA,NA,NA,NA,"no_change",-184,-92,"depletion",-150,-75,"depletion"
NA,"17_cluster","Bob Hall Pier area, Texas",NA,"control",2019-12-24,2019-12-27,3,NA,NA,NA,76,25.3333333333333,"accumulation",0,0,"no_change",76,25.3333333333333,"accumulation"
NA,"17_cluster","Bob Hall Pier area, Texas",NA,"control",2019-12-27,2019-12-30,3,NA,NA,NA,-116,-38.6666666666667,"depletion",0,0,"no_change",-116,-38.6666666666667,"depletion"
NA,"17_cluster","Bob Hall Pier area, Texas",NA,"control",2019-12-30,2020-01-12,13,NA,NA,NA,-19,-1.46153846153846,"depletion",0,0,"no_change",-19,-1.46153846153846,"depletion"
NA,"17_cluster","Bob Hall Pier area, Texas",NA,"control",2020-01-12,2020-01-15,3,NA,NA,NA,NA,NA,"no_change",2,0.666666666666667,"accumulation",-19,-6.33333333333333,"depletion"
NA,"17_cluster","Bob Hall Pier area, Texas",NA,"control",2020-01-15,2020-01-18,3,NA,NA,NA,NA,NA,"no_change",13,4.33333333333333,"accumulation",13,4.33333333333333,"accumulation"
NA,"17_cluster","Bob Hall Pier area, Texas",NA,"control",2020-01-18,2020-01-23,5,NA,NA,NA,NA,NA,"no_change",52,10.4,"accumulation",52,10.4,"accumulation"
NA,"17_cluster","Bob Hall Pier area, Texas",NA,"control",2020-01-23,2020-01-28,5,NA,NA,NA,NA,NA,"no_change",-61,-12.2,"depletion",-61,-12.2,"depletion"
NA,"17_cluster","Bob Hall Pier area, Texas",NA,"control",2020-01-28,2020-01-29,1,NA,NA,NA,NA,NA,"no_change",-6,-6,"depletion",32,32,"accumulation"
NA,"17_cluster","Bob Hall Pier area, Texas",NA,"control",2020-01-29,2020-02-01,3,NA,NA,NA,17,5.66666666666667,"accumulation",0,0,"no_change",17,5.66666666666667,"accumulation"
NA,"17_cluster","Bob Hall Pier area, Texas",NA,"control",2020-02-01,2020-02-06,5,NA,NA,NA,-14,-2.8,"depletion",0,0,"no_change",-14,-2.8,"depletion"
NA,"17_cluster","Bob Hall Pier area, Texas",NA,"control",2020-02-06,2020-02-15,9,NA,NA,NA,NA,NA,"no_change",72,8,"accumulation",31,3.44444444444444,"accumulation"
NA,"17_cluster","Bob Hall Pier area, Texas",NA,"control",2020-02-15,2020-02-25,10,NA,NA,NA,NA,NA,"no_change",-54,-5.4,"depletion",-61,-6.1,"depletion"
NA,"17_cluster","Bob Hall Pier area, Texas",NA,"control",2020-02-25,2020-02-28,3,NA,NA,NA,NA,NA,"no_change",-18,-6,"depletion",-11,-3.66666666666667,"depletion"
NA,"17_cluster","Bob Hall Pier area, Texas",NA,"control",2020-02-28,2020-03-15,16,NA,NA,NA,NA,NA,"no_change",38,2.375,"accumulation",38,2.375,"accumulation"
NA,"17_cluster","Bob Hall Pier area, Texas",NA,"control",2020-03-15,2020-03-17,2,NA,NA,NA,NA,NA,"no_change",-28,-14,"depletion",-28,-14,"depletion"
NA,"17_cluster","Bob Hall Pier area, Texas",NA,"control",2020-03-17,2020-03-18,1,NA,NA,NA,NA,NA,"no_change",-10,-10,"depletion",0,0,"no_change"
NA,"17_cluster","Bob Hall Pier area, Texas",NA,"control",2020-03-18,2020-03-21,3,NA,NA,NA,NA,NA,"no_change",73,24.3333333333333,"accumulation",63,21,"accumulation"
NA,"17_cluster","Bob Hall Pier area, Texas",NA,"control",2020-03-21,2020-03-22,1,NA,NA,NA,NA,NA,"no_change",-38,-38,"depletion",-38,-38,"depletion"
NA,"17_cluster","Bob Hall Pier area, Texas",NA,"control",2020-03-22,2020-03-24,2,NA,NA,NA,NA,NA,"no_change",-6,-3,"depletion",-6,-3,"depletion"
NA,"17_cluster","Bob Hall Pier area, Texas",NA,"control",2020-03-24,2020-03-26,2,NA,NA,NA,NA,NA,"no_change",-22,-11,"depletion",-22,-11,"depletion"
NA,"17_cluster","Bob Hall Pier area, Texas",NA,"control",2020-03-26,2020-03-31,5,NA,NA,NA,NA,NA,"no_change",56,11.2,"accumulation",56,11.2,"accumulation"
NA,"17_cluster","Bob Hall Pier area, Texas",NA,"control",2020-03-31,2020-04-02,2,NA,NA,NA,NA,NA,"no_change",-35,-17.5,"depletion",-35,-17.5,"depletion"
NA,"17_cluster","Bob Hall Pier area, Texas",NA,"control",2020-04-02,2020-04-05,3,NA,NA,NA,NA,NA,"no_change",50,16.6666666666667,"accumulation",50,16.6666666666667,"accumulation"
NA,"17_cluster","Bob Hall Pier area, Texas",NA,"control",2020-04-05,2020-04-06,1,NA,NA,NA,NA,NA,"no_change",-46,-46,"depletion",-46,-46,"depletion"
NA,"17_cluster","Bob Hall Pier area, Texas",NA,"control",2020-04-06,2020-04-07,1,NA,NA,NA,NA,NA,"no_change",-32,-32,"depletion",43,43,"accumulation"
NA,"17_cluster","Bob Hall Pier area, Texas",NA,"control",2020-04-07,2020-04-09,2,NA,NA,NA,NA,NA,"no_change",22,11,"accumulation",-52,-26,"depletion"
NA,"17_cluster","Bob Hall Pier area, Texas",NA,"control",2020-04-09,2020-04-15,6,NA,NA,NA,NA,NA,"no_change",-22,-3.66666666666667,"depletion",96,16,"accumulation"
NA,"17_cluster","Bob Hall Pier area, Texas",NA,"control",2020-04-15,2020-04-16,1,NA,NA,NA,-75,-75,"depletion",0,0,"no_change",-75,-75,"depletion"
NA,"17_cluster","Bob Hall Pier area, Texas",NA,"control",2020-04-16,2020-04-19,3,NA,NA,NA,-12,-4,"depletion",0,0,"no_change",-12,-4,"depletion"
NA,"17_cluster","Bob Hall Pier area, Texas",NA,"control",2020-04-19,2020-04-23,4,NA,NA,NA,-11,-2.75,"depletion",0,0,"no_change",-11,-2.75,"depletion"
NA,"17_cluster","Bob Hall Pier area, Texas",NA,"control",2020-04-23,2020-04-30,7,NA,NA,NA,NA,NA,"no_change",8,1.14285714285714,"accumulation",-13,-1.85714285714286,"depletion"
NA,"17_cluster","Bob Hall Pier area, Texas",NA,"control",2020-04-30,2020-05-04,4,NA,NA,NA,NA,NA,"no_change",4,1,"accumulation",4,1,"accumulation"
NA,"17_cluster","Bob Hall Pier area, Texas",NA,"control",2020-05-04,2020-12-12,222,NA,NA,NA,NA,NA,"no_change",22,0.0990990990990991,"accumulation",22,0.0990990990990991,"accumulation"
NA,"17_cluster","Bob Hall Pier area, Texas",NA,"control",2020-12-12,2020-12-17,5,NA,NA,NA,NA,NA,"no_change",-34,-6.8,"depletion",-17,-3.4,"depletion"
NA,"17_cluster","Bob Hall Pier area, Texas",NA,"control",2020-12-17,2020-12-19,2,NA,NA,NA,NA,NA,"no_change",74,37,"accumulation",57,28.5,"accumulation"
NA,"17_cluster","Bob Hall Pier area, Texas",NA,"control",2020-12-19,2021-01-03,15,NA,NA,NA,NA,NA,"no_change",-61,-4.06666666666667,"depletion",-61,-4.06666666666667,"depletion"
NA,"17_cluster","Bob Hall Pier area, Texas",NA,"control",2021-01-03,2021-01-15,12,NA,NA,NA,NA,NA,"no_change",-13,-1.08333333333333,"depletion",-4,-0.333333333333333,"depletion"
NA,"17_cluster","Bob Hall Pier area, Texas",NA,"control",2021-01-15,2021-02-06,22,NA,NA,NA,NA,NA,"no_change",41,1.86363636363636,"accumulation",30,1.36363636363636,"accumulation"
NA,"17_cluster","Bob Hall Pier area, Texas",NA,"control",2021-02-06,2021-03-24,46,NA,NA,NA,NA,NA,"no_change",1,0.0217391304347826,"accumulation",-9,-0.195652173913043,"depletion"
NA,"17_cluster","Bob Hall Pier area, Texas",NA,"control",2021-03-24,2021-03-26,2,NA,NA,NA,NA,NA,"no_change",-42,-21,"depletion",-19,-9.5,"depletion"
NA,"17_cluster","Bob Hall Pier area, Texas",NA,"control",2021-03-26,2021-04-11,16,NA,NA,NA,NA,NA,"no_change",46,2.875,"accumulation",35,2.1875,"accumulation"
NA,"17_cluster","Bob Hall Pier area, Texas",NA,"control",2021-04-11,2021-05-06,25,NA,NA,NA,NA,NA,"no_change",-46,-1.84,"depletion",-42,-1.68,"depletion"
NA,"17_cluster","Bob Hall Pier area, Texas",NA,"control",2021-05-06,2021-10-14,161,NA,NA,NA,NA,NA,"no_change",2,0.0124223602484472,"accumulation",-2,-0.0124223602484472,"depletion"
NA,"17_cluster","Bob Hall Pier area, Texas",NA,"control",2021-10-14,2021-10-16,2,NA,NA,NA,NA,NA,"no_change",102,51,"accumulation",112,56,"accumulation"
NA,"17_cluster","Bob Hall Pier area, Texas",NA,"control",2021-10-16,2022-02-06,113,NA,NA,NA,NA,NA,"no_change",-104,-0.920353982300885,"depletion",-28,-0.247787610619469,"depletion"
NA,"17_cluster","Bob Hall Pier area, Texas",NA,"control",2022-02-06,2022-03-06,28,NA,NA,NA,NA,NA,"no_change",51,1.82142857142857,"accumulation",-35,-1.25,"depletion"
NA,"17_cluster","Bob Hall Pier area, Texas",NA,"control",2022-03-06,2022-04-05,30,NA,NA,NA,NA,NA,"no_change",2,0.0666666666666667,"accumulation",2,0.0666666666666667,"accumulation"
NA,"17_cluster","Bob Hall Pier area, Texas",NA,"control",2022-04-05,2022-08-28,145,NA,NA,NA,NA,NA,"no_change",-9,-0.0620689655172414,"depletion",-9,-0.0620689655172414,"depletion"
NA,"17_cluster","Bob Hall Pier area, Texas",NA,"control",2022-08-28,2023-02-23,179,NA,NA,NA,NA,NA,"no_change",-44,-0.245810055865922,"depletion",-23,-0.128491620111732,"depletion"
NA,"17_cluster","Bob Hall Pier area, Texas",NA,"control",2023-02-23,2023-03-04,9,NA,NA,NA,-10,-1.11111111111111,"depletion",0,0,"no_change",-10,-1.11111111111111,"depletion"
NA,"17_cluster","Bob Hall Pier area, Texas",NA,"control",2023-03-04,2023-04-16,43,NA,NA,NA,-7,-0.162790697674419,"depletion",0,0,"no_change",-7,-0.162790697674419,"depletion"
NA,"17_cluster","Bob Hall Pier area, Texas",NA,"control",2023-04-16,2023-04-25,9,NA,NA,NA,NA,NA,"no_change",58,6.44444444444444,"accumulation",54,6,"accumulation"
NA,"17_cluster","Bob Hall Pier area, Texas",NA,"control",2023-04-25,2023-04-26,1,NA,NA,NA,NA,NA,"no_change",8,8,"accumulation",8,8,"accumulation"
NA,"17_cluster","Bob Hall Pier area, Texas",NA,"control",2023-04-26,2023-10-22,179,NA,NA,NA,NA,NA,"no_change",-46,-0.256983240223464,"depletion",-46,-0.256983240223464,"depletion"
NA,"17_cluster","Bob Hall Pier area, Texas",NA,"control",2023-10-22,2023-10-31,9,NA,NA,NA,NA,NA,"no_change",6,0.666666666666667,"accumulation",6,0.666666666666667,"accumulation"
NA,"17_cluster","Bob Hall Pier area, Texas",NA,"control",2023-10-31,2023-11-30,30,NA,NA,NA,NA,NA,"no_change",-15,-0.5,"depletion",-15,-0.5,"depletion"
NA,"17_cluster","Bob Hall Pier area, Texas",NA,"control",2023-11-30,2024-02-26,88,NA,NA,NA,NA,NA,"no_change",-1,-0.0113636363636364,"depletion",-1,-0.0113636363636364,"depletion"
NA,"180_cluster","San Jose Island - Fence Line 5 area, Texas",NA,"control",2020-03-05,2020-03-19,14,NA,NA,NA,NA,NA,"no_change",78,5.57142857142857,"accumulation",60,4.28571428571429,"accumulation"
NA,"180_cluster","San Jose Island - Fence Line 5 area, Texas",NA,"control",2020-03-19,2021-01-15,302,NA,NA,NA,NA,NA,"no_change",-69,-0.228476821192053,"depletion",-69,-0.228476821192053,"depletion"
NA,"180_cluster","San Jose Island - Fence Line 5 area, Texas",NA,"control",2021-01-15,2021-02-04,20,NA,NA,NA,NA,NA,"no_change",-7,-0.35,"depletion",1,0.05,"accumulation"
NA,"180_cluster","San Jose Island - Fence Line 5 area, Texas",NA,"control",2021-02-04,2021-02-25,21,NA,NA,NA,NA,NA,"no_change",-2,-0.0952380952380952,"depletion",-10,-0.476190476190476,"depletion"
NA,"186_cluster","Bayside Park, Portland, TX (The Dunes) area, Texas",NA,"control",2018-12-16,2019-01-14,29,NA,NA,NA,13,0.448275862068966,"accumulation",0,0,"no_change",13,0.448275862068966,"accumulation"
NA,"186_cluster","Bayside Park, Portland, TX (The Dunes) area, Texas",NA,"control",2019-01-14,2021-04-09,816,NA,NA,NA,0,0,"no_change",0,0,"no_change",0,0,"no_change"
NA,"187_cluster","Indian Pass Beach, Florida",NA,"control",2019-02-06,2019-03-06,28,NA,NA,NA,0,0,"no_change",0,0,"no_change",0,0,"no_change"
NA,"187_cluster","Indian Pass Beach, Florida",NA,"control",2019-03-06,2019-04-26,51,NA,NA,NA,0,0,"no_change",0,0,"no_change",0,0,"no_change"
NA,"187_cluster","Indian Pass Beach, Florida",NA,"control",2019-04-26,2019-05-14,18,NA,NA,NA,0,0,"no_change",0,0,"no_change",0,0,"no_change"
NA,"187_cluster","Indian Pass Beach, Florida",NA,"control",2019-05-14,2019-12-10,210,NA,NA,NA,NA,NA,"no_change",0,0,"no_change",0,0,"no_change"
NA,"187_cluster","Indian Pass Beach, Florida",NA,"control",2019-12-10,2020-01-11,32,NA,NA,NA,NA,NA,"no_change",0,0,"no_change",0,0,"no_change"
NA,"187_cluster","Indian Pass Beach, Florida",NA,"control",2020-01-11,2020-03-27,76,NA,NA,NA,NA,NA,"no_change",0,0,"no_change",0,0,"no_change"
NA,"187_cluster","Indian Pass Beach, Florida",NA,"control",2020-03-27,2020-04-30,34,NA,NA,NA,NA,NA,"no_change",0,0,"no_change",0,0,"no_change"
NA,"187_cluster","Indian Pass Beach, Florida",NA,"control",2020-04-30,2020-05-05,5,NA,NA,NA,NA,NA,"no_change",0,0,"no_change",0,0,"no_change"
NA,"187_cluster","Indian Pass Beach, Florida",NA,"control",2020-05-05,2020-12-27,236,NA,NA,NA,NA,NA,"no_change",0,0,"no_change",0,0,"no_change"
NA,"187_cluster","Indian Pass Beach, Florida",NA,"control",2020-12-27,2021-01-30,34,NA,NA,NA,NA,NA,"no_change",0,0,"no_change",0,0,"no_change"
NA,"187_cluster","Indian Pass Beach, Florida",NA,"control",2021-01-30,2021-02-27,28,NA,NA,NA,NA,NA,"no_change",0,0,"no_change",0,0,"no_change"
NA,"187_cluster","Indian Pass Beach, Florida",NA,"control",2021-02-27,2021-03-30,31,NA,NA,NA,NA,NA,"no_change",0,0,"no_change",0,0,"no_change"
NA,"187_cluster","Indian Pass Beach, Florida",NA,"control",2021-03-30,2021-04-30,31,NA,NA,NA,NA,NA,"no_change",0,0,"no_change",0,0,"no_change"
NA,"25_cluster","Galveston Bay Morgans Point area, Texas",NA,"control",2019-12-15,2021-01-29,411,NA,NA,NA,NA,NA,"no_change",-53,-0.128953771289538,"depletion",-24,-0.0583941605839416,"depletion"
NA,"25_cluster","Galveston Bay Morgans Point area, Texas",NA,"control",2021-01-29,2021-03-14,44,NA,NA,NA,NA,NA,"no_change",-19,-0.431818181818182,"depletion",-48,-1.09090909090909,"depletion"
NA,"25_cluster","Galveston Bay Morgans Point area, Texas",NA,"control",2021-03-14,2021-03-18,4,NA,NA,NA,NA,NA,"no_change",-104,-26,"depletion",-104,-26,"depletion"
NA,"25_cluster","Galveston Bay Morgans Point area, Texas",NA,"control",2021-03-18,2021-04-06,19,NA,NA,NA,NA,NA,"no_change",-16,-0.842105263157895,"depletion",65,3.42105263157895,"accumulation"
NA,"263_cluster","Dauphin Island Gulf Course area, Alabama",NA,"control",2019-05-21,2019-11-24,187,NA,NA,NA,0,0,"no_change",0,0,"no_change",0,0,"no_change"
NA,"263_cluster","Dauphin Island Gulf Course area, Alabama",NA,"control",2019-11-24,2020-02-09,77,NA,NA,NA,NA,NA,"no_change",0,0,"no_change",0,0,"no_change"
NA,"263_cluster","Dauphin Island Gulf Course area, Alabama",NA,"control",2020-02-09,2020-03-19,39,NA,NA,NA,NA,NA,"no_change",1,0.0256410256410256,"accumulation",1,0.0256410256410256,"accumulation"
NA,"263_cluster","Dauphin Island Gulf Course area, Alabama",NA,"control",2020-03-19,2020-05-04,46,NA,NA,NA,NA,NA,"no_change",-1,-0.0217391304347826,"depletion",2,0.0434782608695652,"accumulation"
NA,"26_cluster","Galveston Bay - Texas City Dike area, Texas",NA,"control",2018-12-12,2020-01-17,401,NA,NA,NA,250,0.623441396508728,"accumulation",0,0,"no_change",250,0.623441396508728,"accumulation"
NA,"26_cluster","Galveston Bay - Texas City Dike area, Texas",NA,"control",2020-01-17,2020-02-17,31,NA,NA,NA,1145,36.9354838709677,"accumulation",0,0,"no_change",1145,36.9354838709677,"accumulation"
NA,"26_cluster","Galveston Bay - Texas City Dike area, Texas",NA,"control",2020-02-17,2022-04-15,788,NA,NA,NA,-1398,-1.7741116751269,"depletion",0,0,"no_change",-1398,-1.7741116751269,"depletion"
NA,"26_cluster","Galveston Bay - Texas City Dike area, Texas",NA,"control",2022-04-15,2022-04-17,2,NA,NA,NA,0,0,"no_change",0,0,"no_change",0,0,"no_change"
NA,"26_cluster","Galveston Bay - Texas City Dike area, Texas",NA,"control",2022-04-17,2023-11-18,580,NA,NA,NA,319,0.55,"accumulation",0,0,"no_change",319,0.55,"accumulation"
NA,"2_cluster","Regatas area, Mexico",NA,"control",2019-03-20,2019-05-31,72,NA,NA,NA,-126,-1.75,"depletion",0,0,"no_change",-126,-1.75,"depletion"
NA,"2_cluster","Regatas area, Mexico",NA,"control",2019-05-31,2021-02-16,627,NA,NA,NA,9,0.0143540669856459,"accumulation",0,0,"no_change",9,0.0143540669856459,"accumulation"
NA,"2_cluster","Regatas area, Mexico",NA,"control",2021-02-16,2021-04-30,73,NA,NA,NA,1,0.0136986301369863,"accumulation",0,0,"no_change",1,0.0136986301369863,"accumulation"
NA,"2_cluster","Regatas area, Mexico",NA,"control",2021-04-30,2021-10-26,179,NA,NA,NA,-3,-0.0167597765363128,"depletion",0,0,"no_change",-3,-0.0167597765363128,"depletion"
NA,"2_cluster","Regatas area, Mexico",NA,"control",2021-10-26,2021-11-06,11,NA,NA,NA,-11,-1,"depletion",0,0,"no_change",-11,-1,"depletion"
NA,"2_cluster","Regatas area, Mexico",NA,"control",2021-11-06,2022-01-22,77,NA,NA,NA,4,0.051948051948052,"accumulation",0,0,"no_change",4,0.051948051948052,"accumulation"
NA,"2_cluster","Regatas area, Mexico",NA,"control",2022-01-22,2022-01-28,6,NA,NA,NA,121,20.1666666666667,"accumulation",0,0,"no_change",121,20.1666666666667,"accumulation"
NA,"2_cluster","Regatas area, Mexico",NA,"control",2022-01-28,2022-02-28,31,NA,NA,NA,-123,-3.96774193548387,"depletion",0,0,"no_change",-123,-3.96774193548387,"depletion"
NA,"2_cluster","Regatas area, Mexico",NA,"control",2022-02-28,2022-03-22,22,NA,NA,NA,-5,-0.227272727272727,"depletion",0,0,"no_change",-5,-0.227272727272727,"depletion"
NA,"2_cluster","Regatas area, Mexico",NA,"control",2022-03-22,2022-07-30,130,NA,NA,NA,56,0.430769230769231,"accumulation",0,0,"no_change",56,0.430769230769231,"accumulation"
NA,"2_cluster","Regatas area, Mexico",NA,"control",2022-07-30,2023-04-15,259,NA,NA,NA,-64,-0.247104247104247,"depletion",0,0,"no_change",-64,-0.247104247104247,"depletion"
NA,"2_cluster","Regatas area, Mexico",NA,"control",2023-04-15,2023-10-14,182,NA,NA,NA,38,0.208791208791209,"accumulation",0,0,"no_change",38,0.208791208791209,"accumulation"
NA,"2_cluster","Regatas area, Mexico",NA,"control",2023-10-14,2023-10-19,5,NA,NA,NA,7,1.4,"accumulation",0,0,"no_change",7,1.4,"accumulation"
NA,"2_cluster","Regatas area, Mexico",NA,"control",2023-10-19,2023-11-03,15,NA,NA,NA,-43,-2.86666666666667,"depletion",0,0,"no_change",-43,-2.86666666666667,"depletion"
NA,"2_cluster","Regatas area, Mexico",NA,"control",2023-11-03,2023-11-16,13,NA,NA,NA,17,1.30769230769231,"accumulation",0,0,"no_change",17,1.30769230769231,"accumulation"
NA,"2_cluster","Regatas area, Mexico",NA,"control",2023-11-16,2023-11-25,9,NA,NA,NA,NA,NA,"no_change",9,1,"accumulation",-6,-0.666666666666667,"depletion"
NA,"2_cluster","Regatas area, Mexico",NA,"control",2023-11-25,2023-12-08,13,NA,NA,NA,NA,NA,"no_change",-9,-0.692307692307692,"depletion",-11,-0.846153846153846,"depletion"
NA,"2_cluster","Regatas area, Mexico",NA,"control",2023-12-08,2024-03-07,90,NA,NA,NA,32,0.355555555555556,"accumulation",0,0,"no_change",32,0.355555555555556,"accumulation"
NA,"2_cluster","Regatas area, Mexico",NA,"control",2024-03-07,2024-03-10,3,NA,NA,NA,NA,NA,"no_change",20,6.66666666666667,"accumulation",-14,-4.66666666666667,"depletion"
NA,"2_cluster","Regatas area, Mexico",NA,"control",2024-03-10,2025-04-05,391,NA,NA,NA,NA,NA,"no_change",-19,-0.0485933503836317,"depletion",-17,-0.0434782608695652,"depletion"
NA,"32_cluster","Galveston Bay - Sylvan Beach area, Texas",NA,"control",2019-06-06,2019-11-25,172,NA,NA,NA,NA,NA,"no_change",82,0.476744186046512,"accumulation",-75,-0.436046511627907,"depletion"
NA,"32_cluster","Galveston Bay - Sylvan Beach area, Texas",NA,"control",2019-11-25,2019-12-01,6,NA,NA,NA,NA,NA,"no_change",-46,-7.66666666666667,"depletion",-19,-3.16666666666667,"depletion"
NA,"32_cluster","Galveston Bay - Sylvan Beach area, Texas",NA,"control",2019-12-01,2019-12-07,6,NA,NA,NA,NA,NA,"no_change",-33,-5.5,"depletion",-60,-10,"depletion"
NA,"32_cluster","Galveston Bay - Sylvan Beach area, Texas",NA,"control",2019-12-07,2019-12-08,1,NA,NA,NA,NA,NA,"no_change",37,37,"accumulation",37,37,"accumulation"
NA,"32_cluster","Galveston Bay - Sylvan Beach area, Texas",NA,"control",2019-12-08,2020-01-03,26,NA,NA,NA,NA,NA,"no_change",79,3.03846153846154,"accumulation",79,3.03846153846154,"accumulation"
NA,"32_cluster","Galveston Bay - Sylvan Beach area, Texas",NA,"control",2020-01-03,2020-01-05,2,NA,NA,NA,NA,NA,"no_change",-119,-59.5,"depletion",-92,-46,"depletion"
NA,"32_cluster","Galveston Bay - Sylvan Beach area, Texas",NA,"control",2020-01-05,2020-02-10,36,NA,NA,NA,NA,NA,"no_change",93,2.58333333333333,"accumulation",66,1.83333333333333,"accumulation"
NA,"32_cluster","Galveston Bay - Sylvan Beach area, Texas",NA,"control",2020-02-10,2020-03-08,27,NA,NA,NA,NA,NA,"no_change",-10,-0.37037037037037,"depletion",-10,-0.37037037037037,"depletion"
NA,"32_cluster","Galveston Bay - Sylvan Beach area, Texas",NA,"control",2020-03-08,2021-01-29,327,NA,NA,NA,NA,NA,"no_change",63,0.192660550458716,"accumulation",49,0.149847094801223,"accumulation"
NA,"32_cluster","Galveston Bay - Sylvan Beach area, Texas",NA,"control",2021-01-29,2021-10-20,264,NA,NA,NA,NA,NA,"no_change",-39,-0.147727272727273,"depletion",-25,-0.0946969696969697,"depletion"
NA,"32_cluster","Galveston Bay - Sylvan Beach area, Texas",NA,"control",2021-10-20,2021-12-04,45,NA,NA,NA,NA,NA,"no_change",9,0.2,"accumulation",9,0.2,"accumulation"
NA,"32_cluster","Galveston Bay - Sylvan Beach area, Texas",NA,"control",2021-12-04,2021-12-28,24,NA,NA,NA,NA,NA,"no_change",6,0.25,"accumulation",6,0.25,"accumulation"
NA,"32_cluster","Galveston Bay - Sylvan Beach area, Texas",NA,"control",2021-12-28,2022-03-23,85,NA,NA,NA,NA,NA,"no_change",-96,-1.12941176470588,"depletion",-70,-0.823529411764706,"depletion"
NA,"32_cluster","Galveston Bay - Sylvan Beach area, Texas",NA,"control",2022-03-23,2022-04-03,11,NA,NA,NA,NA,NA,"no_change",-21,-1.90909090909091,"depletion",-47,-4.27272727272727,"depletion"
NA,"32_cluster","Galveston Bay - Sylvan Beach area, Texas",NA,"control",2022-04-03,2022-12-10,251,NA,NA,NA,NA,NA,"no_change",-5,-0.0199203187250996,"depletion",59,0.235059760956175,"accumulation"
NA,"32_cluster","Galveston Bay - Sylvan Beach area, Texas",NA,"control",2022-12-10,2023-05-02,143,NA,NA,NA,-63,-0.440559440559441,"depletion",0,0,"no_change",-63,-0.440559440559441,"depletion"
NA,"32_cluster","Galveston Bay - Sylvan Beach area, Texas",NA,"control",2023-05-02,2023-10-17,168,NA,NA,NA,NA,NA,"no_change",15,0.0892857142857143,"accumulation",111,0.660714285714286,"accumulation"
NA,"32_cluster","Galveston Bay - Sylvan Beach area, Texas",NA,"control",2023-10-17,2024-02-12,118,NA,NA,NA,NA,NA,"no_change",-15,-0.127118644067797,"depletion",-71,-0.601694915254237,"depletion"
NA,"32_cluster","Galveston Bay - Sylvan Beach area, Texas",NA,"control",2024-02-12,2024-05-14,92,NA,NA,NA,18,0.195652173913043,"accumulation",0,0,"no_change",18,0.195652173913043,"accumulation"
NA,"34_cluster","Elmer's Island area, Louisiana",NA,"control",2019-05-20,2021-02-24,646,NA,NA,NA,NA,NA,"no_change",-25,-0.0386996904024768,"depletion",-23,-0.0356037151702786,"depletion"
NA,"34_cluster","Elmer's Island area, Louisiana",NA,"control",2021-02-24,2021-04-29,64,NA,NA,NA,NA,NA,"no_change",16,0.25,"accumulation",14,0.21875,"accumulation"
NA,"34_cluster","Elmer's Island area, Louisiana",NA,"control",2021-04-29,2021-05-11,12,NA,NA,NA,NA,NA,"no_change",10,0.833333333333333,"accumulation",10,0.833333333333333,"accumulation"
NA,"34_cluster","Elmer's Island area, Louisiana",NA,"control",2021-05-11,2021-05-19,8,NA,NA,NA,NA,NA,"no_change",3,0.375,"accumulation",3,0.375,"accumulation"
NA,"34_cluster","Elmer's Island area, Louisiana",NA,"control",2021-05-19,2022-01-18,244,NA,NA,NA,NA,NA,"no_change",-29,-0.118852459016393,"depletion",-29,-0.118852459016393,"depletion"
NA,"34_cluster","Elmer's Island area, Louisiana",NA,"control",2022-01-18,2022-03-08,49,NA,NA,NA,NA,NA,"no_change",105,2.14285714285714,"accumulation",105,2.14285714285714,"accumulation"
NA,"34_cluster","Elmer's Island area, Louisiana",NA,"control",2022-03-08,2023-10-15,586,NA,NA,NA,NA,NA,"no_change",-105,-0.179180887372014,"depletion",-98,-0.167235494880546,"depletion"
NA,"34_cluster","Elmer's Island area, Louisiana",NA,"control",2023-10-15,2023-10-22,7,NA,NA,NA,-5,-0.714285714285714,"depletion",0,0,"no_change",-5,-0.714285714285714,"depletion"
NA,"3_cluster","Beach Marker 81 area, Texas",NA,"control",2018-11-29,2018-12-01,2,NA,NA,NA,-49,-24.5,"depletion",0,0,"no_change",-49,-24.5,"depletion"
NA,"3_cluster","Beach Marker 81 area, Texas",NA,"control",2018-12-01,2018-12-03,2,NA,NA,NA,81,40.5,"accumulation",0,0,"no_change",81,40.5,"accumulation"
NA,"3_cluster","Beach Marker 81 area, Texas",NA,"control",2018-12-03,2018-12-21,18,NA,NA,NA,-67,-3.72222222222222,"depletion",0,0,"no_change",-67,-3.72222222222222,"depletion"
NA,"3_cluster","Beach Marker 81 area, Texas",NA,"control",2018-12-21,2018-12-24,3,NA,NA,NA,-29,-9.66666666666667,"depletion",0,0,"no_change",-29,-9.66666666666667,"depletion"
NA,"3_cluster","Beach Marker 81 area, Texas",NA,"control",2018-12-24,2018-12-31,7,NA,NA,NA,4,0.571428571428571,"accumulation",0,0,"no_change",4,0.571428571428571,"accumulation"
NA,"3_cluster","Beach Marker 81 area, Texas",NA,"control",2018-12-31,2019-01-04,4,NA,NA,NA,34,8.5,"accumulation",0,0,"no_change",34,8.5,"accumulation"
NA,"3_cluster","Beach Marker 81 area, Texas",NA,"control",2019-01-04,2019-01-06,2,NA,NA,NA,-18,-9,"depletion",0,0,"no_change",-18,-9,"depletion"
NA,"3_cluster","Beach Marker 81 area, Texas",NA,"control",2019-01-06,2019-01-07,1,NA,NA,NA,0,0,"no_change",0,0,"no_change",0,0,"no_change"
NA,"3_cluster","Beach Marker 81 area, Texas",NA,"control",2019-01-07,2019-01-10,3,NA,NA,NA,-14,-4.66666666666667,"depletion",0,0,"no_change",-14,-4.66666666666667,"depletion"
NA,"3_cluster","Beach Marker 81 area, Texas",NA,"control",2019-01-10,2019-01-15,5,NA,NA,NA,66,13.2,"accumulation",0,0,"no_change",66,13.2,"accumulation"
NA,"3_cluster","Beach Marker 81 area, Texas",NA,"control",2019-01-15,2019-01-23,8,NA,NA,NA,NA,NA,"no_change",173,21.625,"accumulation",100,12.5,"accumulation"
NA,"3_cluster","Beach Marker 81 area, Texas",NA,"control",2019-01-23,2019-01-28,5,NA,NA,NA,NA,NA,"no_change",60,12,"accumulation",-3,-0.6,"depletion"
NA,"3_cluster","Beach Marker 81 area, Texas",NA,"control",2019-01-28,2019-02-01,4,NA,NA,NA,NA,NA,"no_change",-233,-58.25,"depletion",-127,-31.75,"depletion"
NA,"3_cluster","Beach Marker 81 area, Texas",NA,"control",2019-02-01,2019-02-02,1,NA,NA,NA,-28,-28,"depletion",0,0,"no_change",-28,-28,"depletion"
NA,"3_cluster","Beach Marker 81 area, Texas",NA,"control",2019-02-02,2019-02-03,1,NA,NA,NA,65,65,"accumulation",0,0,"no_change",65,65,"accumulation"
NA,"3_cluster","Beach Marker 81 area, Texas",NA,"control",2019-02-03,2019-02-05,2,NA,NA,NA,-75,-37.5,"depletion",0,0,"no_change",-75,-37.5,"depletion"
NA,"3_cluster","Beach Marker 81 area, Texas",NA,"control",2019-02-05,2019-02-06,1,NA,NA,NA,-4,-4,"depletion",0,0,"no_change",-4,-4,"depletion"
NA,"3_cluster","Beach Marker 81 area, Texas",NA,"control",2019-02-06,2019-02-10,4,NA,NA,NA,NA,NA,"no_change",31,7.75,"accumulation",30,7.5,"accumulation"
NA,"3_cluster","Beach Marker 81 area, Texas",NA,"control",2019-02-10,2019-02-11,1,NA,NA,NA,NA,NA,"no_change",77,77,"accumulation",77,77,"accumulation"
NA,"3_cluster","Beach Marker 81 area, Texas",NA,"control",2019-02-11,2019-02-12,1,NA,NA,NA,NA,NA,"no_change",-90,-90,"depletion",-90,-90,"depletion"
NA,"3_cluster","Beach Marker 81 area, Texas",NA,"control",2019-02-12,2019-02-13,1,NA,NA,NA,NA,NA,"no_change",-18,-18,"depletion",-5,-5,"depletion"
NA,"3_cluster","Beach Marker 81 area, Texas",NA,"control",2019-02-13,2019-02-15,2,NA,NA,NA,-5,-2.5,"depletion",0,0,"no_change",-5,-2.5,"depletion"
NA,"3_cluster","Beach Marker 81 area, Texas",NA,"control",2019-02-15,2019-02-16,1,NA,NA,NA,-3,-3,"depletion",0,0,"no_change",-3,-3,"depletion"
NA,"3_cluster","Beach Marker 81 area, Texas",NA,"control",2019-02-16,2019-02-17,1,NA,NA,NA,NA,NA,"no_change",72,72,"accumulation",67,67,"accumulation"
NA,"3_cluster","Beach Marker 81 area, Texas",NA,"control",2019-02-17,2019-02-21,4,NA,NA,NA,NA,NA,"no_change",-72,-18,"depletion",-19,-4.75,"depletion"
NA,"3_cluster","Beach Marker 81 area, Texas",NA,"control",2019-02-21,2019-02-23,2,NA,NA,NA,35,17.5,"accumulation",0,0,"no_change",35,17.5,"accumulation"
NA,"3_cluster","Beach Marker 81 area, Texas",NA,"control",2019-02-23,2019-03-04,9,NA,NA,NA,NA,NA,"no_change",135,15,"accumulation",47,5.22222222222222,"accumulation"
NA,"3_cluster","Beach Marker 81 area, Texas",NA,"control",2019-03-04,2019-03-06,2,NA,NA,NA,NA,NA,"no_change",-135,-67.5,"depletion",-85,-42.5,"depletion"
NA,"3_cluster","Beach Marker 81 area, Texas",NA,"control",2019-03-06,2019-03-07,1,NA,NA,NA,-34,-34,"depletion",0,0,"no_change",-34,-34,"depletion"
NA,"3_cluster","Beach Marker 81 area, Texas",NA,"control",2019-03-07,2019-03-09,2,NA,NA,NA,16,8,"accumulation",0,0,"no_change",16,8,"accumulation"
NA,"3_cluster","Beach Marker 81 area, Texas",NA,"control",2019-03-09,2019-03-10,1,NA,NA,NA,NA,NA,"no_change",109,109,"accumulation",77,77,"accumulation"
NA,"3_cluster","Beach Marker 81 area, Texas",NA,"control",2019-03-10,2019-03-11,1,NA,NA,NA,NA,NA,"no_change",-109,-109,"depletion",90,90,"accumulation"
NA,"3_cluster","Beach Marker 81 area, Texas",NA,"control",2019-03-11,2019-03-16,5,NA,NA,NA,NA,NA,"no_change",139,27.8,"accumulation",-76,-15.2,"depletion"
NA,"3_cluster","Beach Marker 81 area, Texas",NA,"control",2019-03-16,2019-03-17,1,NA,NA,NA,NA,NA,"no_change",-139,-139,"depletion",-102,-102,"depletion"
NA,"3_cluster","Beach Marker 81 area, Texas",NA,"control",2019-03-17,2019-03-23,6,NA,NA,NA,13,2.16666666666667,"accumulation",0,0,"no_change",13,2.16666666666667,"accumulation"
NA,"3_cluster","Beach Marker 81 area, Texas",NA,"control",2019-03-23,2019-03-24,1,NA,NA,NA,-16,-16,"depletion",0,0,"no_change",-16,-16,"depletion"
NA,"3_cluster","Beach Marker 81 area, Texas",NA,"control",2019-03-24,2019-03-26,2,NA,NA,NA,NA,NA,"no_change",21,10.5,"accumulation",3,1.5,"accumulation"
NA,"3_cluster","Beach Marker 81 area, Texas",NA,"control",2019-03-26,2019-03-28,2,NA,NA,NA,NA,NA,"no_change",-21,-10.5,"depletion",-20,-10,"depletion"
NA,"3_cluster","Beach Marker 81 area, Texas",NA,"control",2019-03-28,2019-03-29,1,NA,NA,NA,NA,NA,"no_change",63,63,"accumulation",62,62,"accumulation"
NA,"3_cluster","Beach Marker 81 area, Texas",NA,"control",2019-03-29,2019-03-30,1,NA,NA,NA,NA,NA,"no_change",-56,-56,"depletion",-56,-56,"depletion"
NA,"3_cluster","Beach Marker 81 area, Texas",NA,"control",2019-03-30,2019-04-02,3,NA,NA,NA,NA,NA,"no_change",82,27.3333333333333,"accumulation",82,27.3333333333333,"accumulation"
NA,"3_cluster","Beach Marker 81 area, Texas",NA,"control",2019-04-02,2019-04-04,2,NA,NA,NA,NA,NA,"no_change",-70,-35,"depletion",-70,-35,"depletion"
NA,"3_cluster","Beach Marker 81 area, Texas",NA,"control",2019-04-04,2019-04-05,1,NA,NA,NA,NA,NA,"no_change",-2,-2,"depletion",-7,-7,"depletion"
NA,"3_cluster","Beach Marker 81 area, Texas",NA,"control",2019-04-05,2019-04-06,1,NA,NA,NA,NA,NA,"no_change",-17,-17,"depletion",28,28,"accumulation"
NA,"3_cluster","Beach Marker 81 area, Texas",NA,"control",2019-04-06,2019-04-07,1,NA,NA,NA,NA,NA,"no_change",77,77,"accumulation",37,37,"accumulation"
NA,"3_cluster","Beach Marker 81 area, Texas",NA,"control",2019-04-07,2019-04-09,2,NA,NA,NA,NA,NA,"no_change",-77,-38.5,"depletion",-76,-38,"depletion"
NA,"3_cluster","Beach Marker 81 area, Texas",NA,"control",2019-04-09,2019-04-10,1,NA,NA,NA,NA,NA,"no_change",118,118,"accumulation",117,117,"accumulation"
NA,"3_cluster","Beach Marker 81 area, Texas",NA,"control",2019-04-10,2019-04-11,1,NA,NA,NA,NA,NA,"no_change",-118,-118,"depletion",-10,-10,"depletion"
NA,"3_cluster","Beach Marker 81 area, Texas",NA,"control",2019-04-11,2019-04-12,1,NA,NA,NA,NA,NA,"no_change",78,78,"accumulation",-30,-30,"depletion"
NA,"3_cluster","Beach Marker 81 area, Texas",NA,"control",2019-04-12,2019-04-13,1,NA,NA,NA,NA,NA,"no_change",-78,-78,"depletion",-64,-64,"depletion"
NA,"3_cluster","Beach Marker 81 area, Texas",NA,"control",2019-04-13,2019-04-18,5,NA,NA,NA,NA,NA,"no_change",1,0.2,"accumulation",-13,-2.6,"depletion"
NA,"3_cluster","Beach Marker 81 area, Texas",NA,"control",2019-04-18,2019-04-19,1,NA,NA,NA,NA,NA,"no_change",-1,-1,"depletion",66,66,"accumulation"
NA,"3_cluster","Beach Marker 81 area, Texas",NA,"control",2019-04-19,2019-04-20,1,NA,NA,NA,NA,NA,"no_change",17,17,"accumulation",-50,-50,"depletion"
NA,"3_cluster","Beach Marker 81 area, Texas",NA,"control",2019-04-20,2019-04-22,2,NA,NA,NA,NA,NA,"no_change",34,17,"accumulation",34,17,"accumulation"
NA,"3_cluster","Beach Marker 81 area, Texas",NA,"control",2019-04-22,2019-04-23,1,NA,NA,NA,NA,NA,"no_change",24,24,"accumulation",24,24,"accumulation"
NA,"3_cluster","Beach Marker 81 area, Texas",NA,"control",2019-04-23,2019-04-24,1,NA,NA,NA,NA,NA,"no_change",-24,-24,"depletion",-24,-24,"depletion"
NA,"3_cluster","Beach Marker 81 area, Texas",NA,"control",2019-04-24,2019-04-25,1,NA,NA,NA,NA,NA,"no_change",8,8,"accumulation",8,8,"accumulation"
NA,"3_cluster","Beach Marker 81 area, Texas",NA,"control",2019-04-25,2019-04-27,2,NA,NA,NA,NA,NA,"no_change",-41,-20.5,"depletion",-41,-20.5,"depletion"
NA,"3_cluster","Beach Marker 81 area, Texas",NA,"control",2019-04-27,2019-04-28,1,NA,NA,NA,NA,NA,"no_change",15,15,"accumulation",15,15,"accumulation"
NA,"3_cluster","Beach Marker 81 area, Texas",NA,"control",2019-04-28,2019-04-30,2,NA,NA,NA,NA,NA,"no_change",2,1,"accumulation",2,1,"accumulation"
NA,"3_cluster","Beach Marker 81 area, Texas",NA,"control",2019-04-30,2019-05-02,2,NA,NA,NA,NA,NA,"no_change",-20,-10,"depletion",-20,-10,"depletion"
NA,"3_cluster","Beach Marker 81 area, Texas",NA,"control",2019-05-02,2019-05-04,2,NA,NA,NA,NA,NA,"no_change",4,2,"accumulation",13,6.5,"accumulation"
NA,"3_cluster","Beach Marker 81 area, Texas",NA,"control",2019-05-04,2019-05-05,1,NA,NA,NA,NA,NA,"no_change",-19,-19,"depletion",7,7,"accumulation"
NA,"3_cluster","Beach Marker 81 area, Texas",NA,"control",2019-05-05,2019-05-07,2,NA,NA,NA,NA,NA,"no_change",23,11.5,"accumulation",-12,-6,"depletion"
NA,"3_cluster","Beach Marker 81 area, Texas",NA,"control",2019-05-07,2019-05-08,1,NA,NA,NA,NA,NA,"no_change",17,17,"accumulation",17,17,"accumulation"
NA,"3_cluster","Beach Marker 81 area, Texas",NA,"control",2019-05-08,2019-05-09,1,NA,NA,NA,NA,NA,"no_change",52,52,"accumulation",52,52,"accumulation"
NA,"3_cluster","Beach Marker 81 area, Texas",NA,"control",2019-05-09,2019-05-10,1,NA,NA,NA,NA,NA,"no_change",-20,-20,"depletion",-20,-20,"depletion"
NA,"3_cluster","Beach Marker 81 area, Texas",NA,"control",2019-05-10,2019-05-11,1,NA,NA,NA,NA,NA,"no_change",-72,-72,"depletion",13,13,"accumulation"
NA,"3_cluster","Beach Marker 81 area, Texas",NA,"control",2019-05-11,2019-05-12,1,NA,NA,NA,NA,NA,"no_change",66,66,"accumulation",-19,-19,"depletion"
NA,"3_cluster","Beach Marker 81 area, Texas",NA,"control",2019-05-12,2019-05-15,3,NA,NA,NA,NA,NA,"no_change",-44,-14.6666666666667,"depletion",-44,-14.6666666666667,"depletion"
NA,"3_cluster","Beach Marker 81 area, Texas",NA,"control",2019-05-15,2019-05-18,3,NA,NA,NA,NA,NA,"no_change",38,12.6666666666667,"accumulation",41,13.6666666666667,"accumulation"
NA,"3_cluster","Beach Marker 81 area, Texas",NA,"control",2019-05-18,2019-05-20,2,NA,NA,NA,NA,NA,"no_change",-60,-30,"depletion",-2,-1,"depletion"
NA,"3_cluster","Beach Marker 81 area, Texas",NA,"control",2019-05-20,2019-05-25,5,NA,NA,NA,-44,-8.8,"depletion",0,0,"no_change",-44,-8.8,"depletion"
NA,"3_cluster","Beach Marker 81 area, Texas",NA,"control",2019-05-25,2019-05-29,4,NA,NA,NA,3,0.75,"accumulation",0,0,"no_change",3,0.75,"accumulation"
NA,"3_cluster","Beach Marker 81 area, Texas",NA,"control",2019-05-29,2019-05-30,1,NA,NA,NA,2,2,"accumulation",0,0,"no_change",2,2,"accumulation"
NA,"3_cluster","Beach Marker 81 area, Texas",NA,"control",2019-05-30,2019-06-08,9,NA,NA,NA,58,6.44444444444444,"accumulation",0,0,"no_change",58,6.44444444444444,"accumulation"
NA,"3_cluster","Beach Marker 81 area, Texas",NA,"control",2019-06-08,2019-11-24,169,NA,NA,NA,NA,NA,"no_change",102,0.603550295857988,"accumulation",22,0.130177514792899,"accumulation"
NA,"3_cluster","Beach Marker 81 area, Texas",NA,"control",2019-11-24,2019-11-28,4,NA,NA,NA,NA,NA,"no_change",-102,-25.5,"depletion",-73,-18.25,"depletion"
NA,"3_cluster","Beach Marker 81 area, Texas",NA,"control",2019-11-28,2019-11-29,1,NA,NA,NA,NA,NA,"no_change",54,54,"accumulation",25,25,"accumulation"
NA,"3_cluster","Beach Marker 81 area, Texas",NA,"control",2019-11-29,2019-11-30,1,NA,NA,NA,NA,NA,"no_change",0,0,"no_change",0,0,"no_change"
NA,"3_cluster","Beach Marker 81 area, Texas",NA,"control",2019-11-30,2019-12-16,16,NA,NA,NA,NA,NA,"no_change",-27,-1.6875,"depletion",-27,-1.6875,"depletion"
NA,"3_cluster","Beach Marker 81 area, Texas",NA,"control",2019-12-16,2019-12-19,3,NA,NA,NA,NA,NA,"no_change",44,14.6666666666667,"accumulation",44,14.6666666666667,"accumulation"
NA,"3_cluster","Beach Marker 81 area, Texas",NA,"control",2019-12-19,2019-12-23,4,NA,NA,NA,NA,NA,"no_change",90,22.5,"accumulation",90,22.5,"accumulation"
NA,"3_cluster","Beach Marker 81 area, Texas",NA,"control",2019-12-23,2019-12-27,4,NA,NA,NA,NA,NA,"no_change",-146,-36.5,"depletion",-146,-36.5,"depletion"
NA,"3_cluster","Beach Marker 81 area, Texas",NA,"control",2019-12-27,2019-12-28,1,NA,NA,NA,NA,NA,"no_change",-15,-15,"depletion",-2,-2,"depletion"
NA,"3_cluster","Beach Marker 81 area, Texas",NA,"control",2019-12-28,2020-01-10,13,NA,NA,NA,NA,NA,"no_change",82,6.30769230769231,"accumulation",69,5.30769230769231,"accumulation"
NA,"3_cluster","Beach Marker 81 area, Texas",NA,"control",2020-01-10,2020-01-14,4,NA,NA,NA,NA,NA,"no_change",33,8.25,"accumulation",33,8.25,"accumulation"
NA,"3_cluster","Beach Marker 81 area, Texas",NA,"control",2020-01-14,2020-01-15,1,NA,NA,NA,NA,NA,"no_change",-92,-92,"depletion",-92,-92,"depletion"
NA,"3_cluster","Beach Marker 81 area, Texas",NA,"control",2020-01-15,2020-01-16,1,NA,NA,NA,NA,NA,"no_change",63,63,"accumulation",63,63,"accumulation"
NA,"3_cluster","Beach Marker 81 area, Texas",NA,"control",2020-01-16,2020-01-17,1,NA,NA,NA,NA,NA,"no_change",-6,-6,"depletion",-6,-6,"depletion"
NA,"3_cluster","Beach Marker 81 area, Texas",NA,"control",2020-01-17,2020-01-18,1,NA,NA,NA,NA,NA,"no_change",-34,-34,"depletion",-34,-34,"depletion"
NA,"3_cluster","Beach Marker 81 area, Texas",NA,"control",2020-01-18,2020-01-20,2,NA,NA,NA,NA,NA,"no_change",-41,-20.5,"depletion",-35,-17.5,"depletion"
NA,"3_cluster","Beach Marker 81 area, Texas",NA,"control",2020-01-20,2020-01-25,5,NA,NA,NA,NA,NA,"no_change",-5,-1,"depletion",97,19.4,"accumulation"
NA,"3_cluster","Beach Marker 81 area, Texas",NA,"control",2020-01-25,2020-01-26,1,NA,NA,NA,NA,NA,"no_change",6,6,"accumulation",-100,-100,"depletion"
NA,"3_cluster","Beach Marker 81 area, Texas",NA,"control",2020-01-26,2020-01-27,1,NA,NA,NA,NA,NA,"no_change",11,11,"accumulation",9,9,"accumulation"
NA,"3_cluster","Beach Marker 81 area, Texas",NA,"control",2020-01-27,2020-02-02,6,NA,NA,NA,NA,NA,"no_change",71,11.8333333333333,"accumulation",71,11.8333333333333,"accumulation"
NA,"3_cluster","Beach Marker 81 area, Texas",NA,"control",2020-02-02,2020-02-09,7,NA,NA,NA,NA,NA,"no_change",-63,-9,"depletion",-63,-9,"depletion"
NA,"3_cluster","Beach Marker 81 area, Texas",NA,"control",2020-02-09,2020-02-10,1,NA,NA,NA,NA,NA,"no_change",163,163,"accumulation",163,163,"accumulation"
NA,"3_cluster","Beach Marker 81 area, Texas",NA,"control",2020-02-10,2020-02-17,7,NA,NA,NA,NA,NA,"no_change",-110,-15.7142857142857,"depletion",-110,-15.7142857142857,"depletion"
NA,"3_cluster","Beach Marker 81 area, Texas",NA,"control",2020-02-17,2020-02-21,4,NA,NA,NA,NA,NA,"no_change",-25,-6.25,"depletion",-25,-6.25,"depletion"
NA,"3_cluster","Beach Marker 81 area, Texas",NA,"control",2020-02-21,2020-02-22,1,NA,NA,NA,NA,NA,"no_change",10,10,"accumulation",10,10,"accumulation"
NA,"3_cluster","Beach Marker 81 area, Texas",NA,"control",2020-02-22,2020-02-25,3,NA,NA,NA,NA,NA,"no_change",-46,-15.3333333333333,"depletion",-48,-16,"depletion"
NA,"3_cluster","Beach Marker 81 area, Texas",NA,"control",2020-02-25,2020-03-02,6,NA,NA,NA,NA,NA,"no_change",-11,-1.83333333333333,"depletion",-9,-1.5,"depletion"
NA,"3_cluster","Beach Marker 81 area, Texas",NA,"control",2020-03-02,2020-03-08,6,NA,NA,NA,NA,NA,"no_change",-6,-1,"depletion",-4,-0.666666666666667,"depletion"
NA,"3_cluster","Beach Marker 81 area, Texas",NA,"control",2020-03-08,2020-03-09,1,NA,NA,NA,NA,NA,"no_change",34,34,"accumulation",32,32,"accumulation"
NA,"3_cluster","Beach Marker 81 area, Texas",NA,"control",2020-03-09,2020-03-10,1,NA,NA,NA,NA,NA,"no_change",-7,-7,"depletion",-7,-7,"depletion"
NA,"3_cluster","Beach Marker 81 area, Texas",NA,"control",2020-03-10,2020-03-16,6,NA,NA,NA,NA,NA,"no_change",49,8.16666666666667,"accumulation",49,8.16666666666667,"accumulation"
NA,"3_cluster","Beach Marker 81 area, Texas",NA,"control",2020-03-16,2020-03-18,2,NA,NA,NA,NA,NA,"no_change",-62,-31,"depletion",-62,-31,"depletion"
NA,"3_cluster","Beach Marker 81 area, Texas",NA,"control",2020-03-18,2020-03-27,9,NA,NA,NA,NA,NA,"no_change",16,1.77777777777778,"accumulation",16,1.77777777777778,"accumulation"
NA,"3_cluster","Beach Marker 81 area, Texas",NA,"control",2020-03-27,2020-04-01,5,NA,NA,NA,NA,NA,"no_change",120,24,"accumulation",120,24,"accumulation"
NA,"3_cluster","Beach Marker 81 area, Texas",NA,"control",2020-04-01,2020-04-05,4,NA,NA,NA,NA,NA,"no_change",-33,-8.25,"depletion",-33,-8.25,"depletion"
NA,"3_cluster","Beach Marker 81 area, Texas",NA,"control",2020-04-05,2020-04-06,1,NA,NA,NA,NA,NA,"no_change",-28,-28,"depletion",-28,-28,"depletion"
NA,"3_cluster","Beach Marker 81 area, Texas",NA,"control",2020-04-06,2020-04-14,8,NA,NA,NA,NA,NA,"no_change",-46,-5.75,"depletion",-46,-5.75,"depletion"
NA,"3_cluster","Beach Marker 81 area, Texas",NA,"control",2020-04-14,2020-04-20,6,NA,NA,NA,NA,NA,"no_change",37,6.16666666666667,"accumulation",37,6.16666666666667,"accumulation"
NA,"3_cluster","Beach Marker 81 area, Texas",NA,"control",2020-04-20,2020-12-11,235,NA,NA,NA,NA,NA,"no_change",-40,-0.170212765957447,"depletion",-40,-0.170212765957447,"depletion"
NA,"3_cluster","Beach Marker 81 area, Texas",NA,"control",2020-12-11,2021-03-06,85,NA,NA,NA,NA,NA,"no_change",-40,-0.470588235294118,"depletion",-40,-0.470588235294118,"depletion"
NA,"3_cluster","Beach Marker 81 area, Texas",NA,"control",2021-03-06,2021-03-14,8,NA,NA,NA,NA,NA,"no_change",56,7,"accumulation",56,7,"accumulation"
NA,"3_cluster","Beach Marker 81 area, Texas",NA,"control",2021-03-14,2021-03-18,4,NA,NA,NA,NA,NA,"no_change",-56,-14,"depletion",-26,-6.5,"depletion"
NA,"3_cluster","Beach Marker 81 area, Texas",NA,"control",2021-03-18,2021-03-20,2,NA,NA,NA,NA,NA,"no_change",2,1,"accumulation",-28,-14,"depletion"
NA,"3_cluster","Beach Marker 81 area, Texas",NA,"control",2021-03-20,2021-04-11,22,NA,NA,NA,NA,NA,"no_change",13,0.590909090909091,"accumulation",13,0.590909090909091,"accumulation"
NA,"3_cluster","Beach Marker 81 area, Texas",NA,"control",2021-04-11,2021-05-16,35,NA,NA,NA,NA,NA,"no_change",-15,-0.428571428571429,"depletion",-1,-0.0285714285714286,"depletion"
NA,"3_cluster","Beach Marker 81 area, Texas",NA,"control",2021-05-16,2021-05-18,2,NA,NA,NA,NA,NA,"no_change",22,11,"accumulation",8,4,"accumulation"
NA,"3_cluster","Beach Marker 81 area, Texas",NA,"control",2021-05-18,2021-10-30,165,NA,NA,NA,NA,NA,"no_change",-22,-0.133333333333333,"depletion",-22,-0.133333333333333,"depletion"
NA,"3_cluster","Beach Marker 81 area, Texas",NA,"control",2021-10-30,2021-10-31,1,NA,NA,NA,NA,NA,"no_change",0,0,"no_change",0,0,"no_change"
NA,"3_cluster","Beach Marker 81 area, Texas",NA,"control",2021-10-31,2021-11-07,7,NA,NA,NA,NA,NA,"no_change",4,0.571428571428571,"accumulation",4,0.571428571428571,"accumulation"
NA,"3_cluster","Beach Marker 81 area, Texas",NA,"control",2021-11-07,2021-11-15,8,NA,NA,NA,NA,NA,"no_change",-4,-0.5,"depletion",-3,-0.375,"depletion"
NA,"3_cluster","Beach Marker 81 area, Texas",NA,"control",2021-11-15,2022-04-13,149,NA,NA,NA,NA,NA,"no_change",16,0.10738255033557,"accumulation",15,0.100671140939597,"accumulation"
NA,"3_cluster","Beach Marker 81 area, Texas",NA,"control",2022-04-13,2022-04-16,3,NA,NA,NA,NA,NA,"no_change",-16,-5.33333333333333,"depletion",-13,-4.33333333333333,"depletion"
NA,"3_cluster","Beach Marker 81 area, Texas",NA,"control",2022-04-16,2022-04-26,10,NA,NA,NA,NA,NA,"no_change",6,0.6,"accumulation",3,0.3,"accumulation"
NA,"3_cluster","Beach Marker 81 area, Texas",NA,"control",2022-04-26,2023-01-19,268,NA,NA,NA,NA,NA,"no_change",108,0.402985074626866,"accumulation",108,0.402985074626866,"accumulation"
NA,"3_cluster","Beach Marker 81 area, Texas",NA,"control",2023-01-19,2023-03-10,50,NA,NA,NA,NA,NA,"no_change",-19,-0.38,"depletion",-19,-0.38,"depletion"
NA,"3_cluster","Beach Marker 81 area, Texas",NA,"control",2023-03-10,2023-03-14,4,NA,NA,NA,NA,NA,"no_change",-61,-15.25,"depletion",-61,-15.25,"depletion"
NA,"3_cluster","Beach Marker 81 area, Texas",NA,"control",2023-03-14,2023-04-27,44,NA,NA,NA,NA,NA,"no_change",-34,-0.772727272727273,"depletion",-31,-0.704545454545455,"depletion"
NA,"3_cluster","Beach Marker 81 area, Texas",NA,"control",2023-04-27,2023-04-29,2,NA,NA,NA,15,7.5,"accumulation",0,0,"no_change",15,7.5,"accumulation"
NA,"3_cluster","Beach Marker 81 area, Texas",NA,"control",2023-04-29,2024-01-07,253,NA,NA,NA,NA,NA,"no_change",104,0.411067193675889,"accumulation",86,0.339920948616601,"accumulation"
NA,"3_cluster","Beach Marker 81 area, Texas",NA,"control",2024-01-07,2024-01-11,4,NA,NA,NA,NA,NA,"no_change",-13,-3.25,"depletion",-13,-3.25,"depletion"
NA,"3_cluster","Beach Marker 81 area, Texas",NA,"control",2024-01-11,2024-02-15,35,NA,NA,NA,NA,NA,"no_change",-35,-1,"depletion",-35,-1,"depletion"
NA,"3_cluster","Beach Marker 81 area, Texas",NA,"control",2024-02-15,2024-03-03,17,NA,NA,NA,NA,NA,"no_change",28,1.64705882352941,"accumulation",28,1.64705882352941,"accumulation"
NA,"3_cluster","Beach Marker 81 area, Texas",NA,"control",2024-03-03,2024-03-08,5,NA,NA,NA,NA,NA,"no_change",11,2.2,"accumulation",11,2.2,"accumulation"
NA,"3_cluster","Beach Marker 81 area, Texas",NA,"control",2024-03-08,2024-03-22,14,NA,NA,NA,NA,NA,"no_change",-95,-6.78571428571429,"depletion",-95,-6.78571428571429,"depletion"
NA,"3_cluster","Beach Marker 81 area, Texas",NA,"control",2024-03-22,2024-03-26,4,NA,NA,NA,NA,NA,"no_change",144,36,"accumulation",144,36,"accumulation"
NA,"3_cluster","Beach Marker 81 area, Texas",NA,"control",2024-03-26,2024-03-28,2,NA,NA,NA,NA,NA,"no_change",-1,-0.5,"depletion",-1,-0.5,"depletion"
NA,"3_cluster","Beach Marker 81 area, Texas",NA,"control",2024-03-28,2024-04-16,19,NA,NA,NA,NA,NA,"no_change",-143,-7.52631578947368,"depletion",-131,-6.89473684210526,"depletion"
NA,"3_cluster","Beach Marker 81 area, Texas",NA,"control",2024-04-16,2024-05-18,32,NA,NA,NA,NA,NA,"no_change",37,1.15625,"accumulation",25,0.78125,"accumulation"
NA,"3_cluster","Beach Marker 81 area, Texas",NA,"control",2024-05-18,2024-12-29,225,NA,NA,NA,NA,NA,"no_change",-9,-0.04,"depletion",-9,-0.04,"depletion"
NA,"3_cluster","Beach Marker 81 area, Texas",NA,"control",2024-12-29,2025-03-25,86,NA,NA,NA,NA,NA,"no_change",-28,-0.325581395348837,"depletion",-27,-0.313953488372093,"depletion"
NA,"3_cluster","Beach Marker 81 area, Texas",NA,"control",2025-03-25,2025-03-26,1,NA,NA,NA,1,1,"accumulation",0,0,"no_change",1,1,"accumulation"
NA,"3_cluster","Beach Marker 81 area, Texas",NA,"control",2025-03-26,2025-04-05,10,NA,NA,NA,25,2.5,"accumulation",0,0,"no_change",25,2.5,"accumulation"
NA,"42_cluster","North Padre Island sticks at PINS area, Texas",NA,"control",2018-12-01,2018-12-18,17,NA,NA,NA,-7,-0.411764705882353,"depletion",0,0,"no_change",-7,-0.411764705882353,"depletion"
NA,"42_cluster","North Padre Island sticks at PINS area, Texas",NA,"control",2018-12-18,2019-01-24,37,NA,NA,NA,-6,-0.162162162162162,"depletion",0,0,"no_change",-6,-0.162162162162162,"depletion"
NA,"42_cluster","North Padre Island sticks at PINS area, Texas",NA,"control",2019-01-24,2019-01-28,4,NA,NA,NA,6,1.5,"accumulation",0,0,"no_change",6,1.5,"accumulation"
NA,"42_cluster","North Padre Island sticks at PINS area, Texas",NA,"control",2019-01-28,2019-02-03,6,NA,NA,NA,16,2.66666666666667,"accumulation",0,0,"no_change",16,2.66666666666667,"accumulation"
NA,"42_cluster","North Padre Island sticks at PINS area, Texas",NA,"control",2019-02-03,2019-02-18,15,NA,NA,NA,NA,NA,"no_change",59,3.93333333333333,"accumulation",31,2.06666666666667,"accumulation"
NA,"42_cluster","North Padre Island sticks at PINS area, Texas",NA,"control",2019-02-18,2019-02-23,5,NA,NA,NA,NA,NA,"no_change",-59,-11.8,"depletion",-1,-0.2,"depletion"
NA,"42_cluster","North Padre Island sticks at PINS area, Texas",NA,"control",2019-02-23,2019-03-24,29,NA,NA,NA,NA,NA,"no_change",3,0.103448275862069,"accumulation",-55,-1.89655172413793,"depletion"
NA,"42_cluster","North Padre Island sticks at PINS area, Texas",NA,"control",2019-03-24,2019-03-30,6,NA,NA,NA,NA,NA,"no_change",32,5.33333333333333,"accumulation",32,5.33333333333333,"accumulation"
NA,"42_cluster","North Padre Island sticks at PINS area, Texas",NA,"control",2019-03-30,2019-04-26,27,NA,NA,NA,NA,NA,"no_change",-34,-1.25925925925926,"depletion",-34,-1.25925925925926,"depletion"
NA,"42_cluster","North Padre Island sticks at PINS area, Texas",NA,"control",2019-04-26,2019-04-29,3,NA,NA,NA,NA,NA,"no_change",42,14,"accumulation",42,14,"accumulation"
NA,"42_cluster","North Padre Island sticks at PINS area, Texas",NA,"control",2019-04-29,2019-05-04,5,NA,NA,NA,NA,NA,"no_change",-43,-8.6,"depletion",3,0.6,"accumulation"
NA,"42_cluster","North Padre Island sticks at PINS area, Texas",NA,"control",2019-05-04,2019-05-13,9,NA,NA,NA,NA,NA,"no_change",80,8.88888888888889,"accumulation",34,3.77777777777778,"accumulation"
NA,"42_cluster","North Padre Island sticks at PINS area, Texas",NA,"control",2019-05-13,2019-05-19,6,NA,NA,NA,NA,NA,"no_change",-80,-13.3333333333333,"depletion",-10,-1.66666666666667,"depletion"
NA,"42_cluster","North Padre Island sticks at PINS area, Texas",NA,"control",2019-05-19,2019-05-25,6,NA,NA,NA,-39,-6.5,"depletion",0,0,"no_change",-39,-6.5,"depletion"
NA,"42_cluster","North Padre Island sticks at PINS area, Texas",NA,"control",2019-05-25,2019-12-27,216,NA,NA,NA,25,0.115740740740741,"accumulation",0,0,"no_change",25,0.115740740740741,"accumulation"
NA,"42_cluster","North Padre Island sticks at PINS area, Texas",NA,"control",2019-12-27,2020-01-26,30,NA,NA,NA,NA,NA,"no_change",30,1,"accumulation",-26,-0.866666666666667,"depletion"
NA,"42_cluster","North Padre Island sticks at PINS area, Texas",NA,"control",2020-01-26,2021-03-24,423,NA,NA,NA,NA,NA,"no_change",-30,-0.0709219858156028,"depletion",20,0.0472813238770686,"accumulation"
NA,"42_cluster","North Padre Island sticks at PINS area, Texas",NA,"control",2021-03-24,2021-12-06,257,NA,NA,NA,NA,NA,"no_change",0,0,"no_change",-50,-0.194552529182879,"depletion"
NA,"42_cluster","North Padre Island sticks at PINS area, Texas",NA,"control",2021-12-06,2022-02-02,58,NA,NA,NA,NA,NA,"no_change",0,0,"no_change",0,0,"no_change"
NA,"42_cluster","North Padre Island sticks at PINS area, Texas",NA,"control",2022-02-02,2022-08-05,184,NA,NA,NA,NA,NA,"no_change",0,0,"no_change",0,0,"no_change"
NA,"42_cluster","North Padre Island sticks at PINS area, Texas",NA,"control",2022-08-05,2023-01-02,150,NA,NA,NA,NA,NA,"no_change",0,0,"no_change",0,0,"no_change"
NA,"42_cluster","North Padre Island sticks at PINS area, Texas",NA,"control",2023-01-02,2023-01-09,7,NA,NA,NA,NA,NA,"no_change",0,0,"no_change",41,5.85714285714286,"accumulation"
NA,"42_cluster","North Padre Island sticks at PINS area, Texas",NA,"control",2023-01-09,2023-02-06,28,NA,NA,NA,-41,-1.46428571428571,"depletion",0,0,"no_change",-41,-1.46428571428571,"depletion"
NA,"42_cluster","North Padre Island sticks at PINS area, Texas",NA,"control",2023-02-06,2023-03-03,25,NA,NA,NA,0,0,"no_change",0,0,"no_change",0,0,"no_change"
NA,"42_cluster","North Padre Island sticks at PINS area, Texas",NA,"control",2023-03-03,2023-04-03,31,NA,NA,NA,1,0.032258064516129,"accumulation",0,0,"no_change",1,0.032258064516129,"accumulation"
NA,"42_cluster","North Padre Island sticks at PINS area, Texas",NA,"control",2023-04-03,2023-05-01,28,NA,NA,NA,-1,-0.0357142857142857,"depletion",0,0,"no_change",-1,-0.0357142857142857,"depletion"
NA,"42_cluster","North Padre Island sticks at PINS area, Texas",NA,"control",2023-05-01,2023-07-07,67,NA,NA,NA,NA,NA,"no_change",0,0,"no_change",0,0,"no_change"
NA,"46_cluster","Chalmette Battlefield National Historical Park area, Louisiana SE",NA,"control",2021-10-15,2022-01-06,83,NA,NA,NA,NA,NA,"no_change",181,2.18072289156627,"accumulation",141,1.69879518072289,"accumulation"
NA,"46_cluster","Chalmette Battlefield National Historical Park area, Louisiana SE",NA,"control",2022-01-06,2022-05-04,118,NA,NA,NA,NA,NA,"no_change",-158,-1.33898305084746,"depletion",-158,-1.33898305084746,"depletion"
NA,"46_cluster","Chalmette Battlefield National Historical Park area, Louisiana SE",NA,"control",2022-05-04,2024-05-19,746,NA,NA,NA,NA,NA,"no_change",-18,-0.0241286863270777,"depletion",-18,-0.0241286863270777,"depletion"
NA,"65_cluster","South Padre Island area, Texas",NA,"control",2018-11-27,2018-11-28,1,NA,NA,NA,60,60,"accumulation",0,0,"no_change",60,60,"accumulation"
NA,"65_cluster","South Padre Island area, Texas",NA,"control",2018-11-28,2018-12-03,5,NA,NA,NA,-40,-8,"depletion",0,0,"no_change",-40,-8,"depletion"
NA,"65_cluster","South Padre Island area, Texas",NA,"control",2018-12-03,2018-12-04,1,NA,NA,NA,6,6,"accumulation",0,0,"no_change",6,6,"accumulation"
NA,"65_cluster","South Padre Island area, Texas",NA,"control",2018-12-04,2018-12-05,1,NA,NA,NA,1,1,"accumulation",0,0,"no_change",1,1,"accumulation"
NA,"65_cluster","South Padre Island area, Texas",NA,"control",2018-12-05,2018-12-27,22,NA,NA,NA,-29,-1.31818181818182,"depletion",0,0,"no_change",-29,-1.31818181818182,"depletion"
NA,"65_cluster","South Padre Island area, Texas",NA,"control",2018-12-27,2019-01-18,22,NA,NA,NA,20,0.909090909090909,"accumulation",0,0,"no_change",20,0.909090909090909,"accumulation"
NA,"65_cluster","South Padre Island area, Texas",NA,"control",2019-01-18,2019-01-21,3,NA,NA,NA,-20,-6.66666666666667,"depletion",0,0,"no_change",-20,-6.66666666666667,"depletion"
NA,"65_cluster","South Padre Island area, Texas",NA,"control",2019-01-21,2019-01-24,3,NA,NA,NA,18,6,"accumulation",0,0,"no_change",18,6,"accumulation"
NA,"65_cluster","South Padre Island area, Texas",NA,"control",2019-01-24,2019-01-25,1,NA,NA,NA,-21,-21,"depletion",0,0,"no_change",-21,-21,"depletion"
NA,"65_cluster","South Padre Island area, Texas",NA,"control",2019-01-25,2019-01-28,3,NA,NA,NA,65,21.6666666666667,"accumulation",0,0,"no_change",65,21.6666666666667,"accumulation"
NA,"65_cluster","South Padre Island area, Texas",NA,"control",2019-01-28,2019-02-03,6,NA,NA,NA,47,7.83333333333333,"accumulation",0,0,"no_change",47,7.83333333333333,"accumulation"
NA,"65_cluster","South Padre Island area, Texas",NA,"control",2019-02-03,2019-02-15,12,NA,NA,NA,-113,-9.41666666666667,"depletion",0,0,"no_change",-113,-9.41666666666667,"depletion"
NA,"65_cluster","South Padre Island area, Texas",NA,"control",2019-02-15,2019-02-25,10,NA,NA,NA,6,0.6,"accumulation",0,0,"no_change",6,0.6,"accumulation"
NA,"65_cluster","South Padre Island area, Texas",NA,"control",2019-02-25,2019-02-26,1,NA,NA,NA,143,143,"accumulation",0,0,"no_change",143,143,"accumulation"
NA,"65_cluster","South Padre Island area, Texas",NA,"control",2019-02-26,2019-02-27,1,NA,NA,NA,-140,-140,"depletion",0,0,"no_change",-140,-140,"depletion"
NA,"65_cluster","South Padre Island area, Texas",NA,"control",2019-02-27,2019-03-22,23,NA,NA,NA,NA,NA,"no_change",14,0.608695652173913,"accumulation",-5,-0.217391304347826,"depletion"
NA,"65_cluster","South Padre Island area, Texas",NA,"control",2019-03-22,2019-03-25,3,NA,NA,NA,NA,NA,"no_change",-1,-0.333333333333333,"depletion",-1,-0.333333333333333,"depletion"
NA,"65_cluster","South Padre Island area, Texas",NA,"control",2019-03-25,2019-03-27,2,NA,NA,NA,NA,NA,"no_change",2,1,"accumulation",2,1,"accumulation"
NA,"65_cluster","South Padre Island area, Texas",NA,"control",2019-03-27,2019-03-30,3,NA,NA,NA,NA,NA,"no_change",-3,-1,"depletion",-6,-2,"depletion"
NA,"65_cluster","South Padre Island area, Texas",NA,"control",2019-03-30,2019-04-03,4,NA,NA,NA,NA,NA,"no_change",24,6,"accumulation",27,6.75,"accumulation"
NA,"65_cluster","South Padre Island area, Texas",NA,"control",2019-04-03,2019-04-04,1,NA,NA,NA,NA,NA,"no_change",-36,-36,"depletion",2,2,"accumulation"
NA,"65_cluster","South Padre Island area, Texas",NA,"control",2019-04-04,2019-04-05,1,NA,NA,NA,NA,NA,"no_change",9,9,"accumulation",9,9,"accumulation"
NA,"65_cluster","South Padre Island area, Texas",NA,"control",2019-04-05,2019-04-06,1,NA,NA,NA,NA,NA,"no_change",1,1,"accumulation",-37,-37,"depletion"
NA,"65_cluster","South Padre Island area, Texas",NA,"control",2019-04-06,2019-04-10,4,NA,NA,NA,NA,NA,"no_change",-10,-2.5,"depletion",13,3.25,"accumulation"
NA,"65_cluster","South Padre Island area, Texas",NA,"control",2019-04-10,2019-04-11,1,NA,NA,NA,8,8,"accumulation",0,0,"no_change",8,8,"accumulation"
NA,"65_cluster","South Padre Island area, Texas",NA,"control",2019-04-11,2019-04-12,1,NA,NA,NA,-5,-5,"depletion",0,0,"no_change",-5,-5,"depletion"
NA,"65_cluster","South Padre Island area, Texas",NA,"control",2019-04-12,2019-04-18,6,NA,NA,NA,-3,-0.5,"depletion",0,0,"no_change",-3,-0.5,"depletion"
NA,"65_cluster","South Padre Island area, Texas",NA,"control",2019-04-18,2019-04-25,7,NA,NA,NA,28,4,"accumulation",0,0,"no_change",28,4,"accumulation"
NA,"65_cluster","South Padre Island area, Texas",NA,"control",2019-04-25,2019-04-30,5,NA,NA,NA,-4,-0.8,"depletion",0,0,"no_change",-4,-0.8,"depletion"
NA,"65_cluster","South Padre Island area, Texas",NA,"control",2019-04-30,2019-05-07,7,NA,NA,NA,-16,-2.28571428571429,"depletion",0,0,"no_change",-16,-2.28571428571429,"depletion"
NA,"65_cluster","South Padre Island area, Texas",NA,"control",2019-05-07,2019-05-09,2,NA,NA,NA,5,2.5,"accumulation",0,0,"no_change",5,2.5,"accumulation"
NA,"65_cluster","South Padre Island area, Texas",NA,"control",2019-05-09,2019-05-15,6,NA,NA,NA,-18,-3,"depletion",0,0,"no_change",-18,-3,"depletion"
NA,"65_cluster","South Padre Island area, Texas",NA,"control",2019-05-15,2019-05-23,8,NA,NA,NA,5,0.625,"accumulation",0,0,"no_change",5,0.625,"accumulation"
NA,"65_cluster","South Padre Island area, Texas",NA,"control",2019-05-23,2019-06-03,11,NA,NA,NA,-22,-2,"depletion",0,0,"no_change",-22,-2,"depletion"
NA,"65_cluster","South Padre Island area, Texas",NA,"control",2019-06-03,2019-06-06,3,NA,NA,NA,NA,NA,"no_change",14,4.66666666666667,"accumulation",13,4.33333333333333,"accumulation"
NA,"65_cluster","South Padre Island area, Texas",NA,"control",2019-06-06,2019-11-27,174,NA,NA,NA,NA,NA,"no_change",-14,-0.0804597701149425,"depletion",22,0.126436781609195,"accumulation"
NA,"65_cluster","South Padre Island area, Texas",NA,"control",2019-11-27,2020-01-10,44,NA,NA,NA,-32,-0.727272727272727,"depletion",0,0,"no_change",-32,-0.727272727272727,"depletion"
NA,"65_cluster","South Padre Island area, Texas",NA,"control",2020-01-10,2020-01-18,8,NA,NA,NA,NA,NA,"no_change",7,0.875,"accumulation",3,0.375,"accumulation"
NA,"65_cluster","South Padre Island area, Texas",NA,"control",2020-01-18,2020-01-24,6,NA,NA,NA,NA,NA,"no_change",-7,-1.16666666666667,"depletion",39,6.5,"accumulation"
NA,"65_cluster","South Padre Island area, Texas",NA,"control",2020-01-24,2020-01-26,2,NA,NA,NA,-21,-10.5,"depletion",0,0,"no_change",-21,-10.5,"depletion"
NA,"65_cluster","South Padre Island area, Texas",NA,"control",2020-01-26,2020-01-27,1,NA,NA,NA,NA,NA,"no_change",0,0,"no_change",-25,-25,"depletion"
NA,"65_cluster","South Padre Island area, Texas",NA,"control",2020-01-27,2020-01-28,1,NA,NA,NA,NA,NA,"no_change",23,23,"accumulation",23,23,"accumulation"
NA,"65_cluster","South Padre Island area, Texas",NA,"control",2020-01-28,2020-01-29,1,NA,NA,NA,NA,NA,"no_change",-23,-23,"depletion",-18,-18,"depletion"
NA,"65_cluster","South Padre Island area, Texas",NA,"control",2020-01-29,2020-02-10,12,NA,NA,NA,NA,NA,"no_change",0,0,"no_change",-5,-0.416666666666667,"depletion"
NA,"65_cluster","South Padre Island area, Texas",NA,"control",2020-02-10,2020-02-25,15,NA,NA,NA,NA,NA,"no_change",0,0,"no_change",12,0.8,"accumulation"
NA,"65_cluster","South Padre Island area, Texas",NA,"control",2020-02-25,2020-04-19,54,NA,NA,NA,NA,NA,"no_change",0,0,"no_change",-12,-0.222222222222222,"depletion"
NA,"65_cluster","South Padre Island area, Texas",NA,"control",2020-04-19,2021-02-08,295,NA,NA,NA,NA,NA,"no_change",0,0,"no_change",4,0.0135593220338983,"accumulation"
NA,"65_cluster","South Padre Island area, Texas",NA,"control",2021-02-08,2021-02-12,4,NA,NA,NA,NA,NA,"no_change",31,7.75,"accumulation",27,6.75,"accumulation"
NA,"65_cluster","South Padre Island area, Texas",NA,"control",2021-02-12,2021-02-14,2,NA,NA,NA,NA,NA,"no_change",-31,-15.5,"depletion",-15,-7.5,"depletion"
NA,"65_cluster","South Padre Island area, Texas",NA,"control",2021-02-14,2021-02-28,14,NA,NA,NA,82,5.85714285714286,"accumulation",0,0,"no_change",82,5.85714285714286,"accumulation"
NA,"65_cluster","South Padre Island area, Texas",NA,"control",2021-02-28,2021-03-16,16,NA,NA,NA,-94,-5.875,"depletion",0,0,"no_change",-94,-5.875,"depletion"
NA,"65_cluster","South Padre Island area, Texas",NA,"control",2021-03-16,2021-03-25,9,NA,NA,NA,0,0,"no_change",0,0,"no_change",0,0,"no_change"
NA,"65_cluster","South Padre Island area, Texas",NA,"control",2021-03-25,2021-03-29,4,NA,NA,NA,32,8,"accumulation",0,0,"no_change",32,8,"accumulation"
NA,"65_cluster","South Padre Island area, Texas",NA,"control",2021-03-29,2021-03-30,1,NA,NA,NA,-6,-6,"depletion",0,0,"no_change",-6,-6,"depletion"
NA,"65_cluster","South Padre Island area, Texas",NA,"control",2021-03-30,2021-05-08,39,NA,NA,NA,NA,NA,"no_change",7,0.17948717948718,"accumulation",-23,-0.58974358974359,"depletion"
NA,"65_cluster","South Padre Island area, Texas",NA,"control",2021-05-08,2021-10-30,175,NA,NA,NA,NA,NA,"no_change",-7,-0.04,"depletion",-7,-0.04,"depletion"
NA,"6_cluster","Sea Rim State Park area, Texas",NA,"control",2019-03-28,2021-10-30,947,NA,NA,NA,NA,NA,"no_change",69,0.0728616684266103,"accumulation",69,0.0728616684266103,"accumulation"
NA,"6_cluster","Sea Rim State Park area, Texas",NA,"control",2021-10-30,2025-01-18,1176,NA,NA,NA,NA,NA,"no_change",-69,-0.0586734693877551,"depletion",-69,-0.0586734693877551,"depletion"
NA,"6_cluster","Sea Rim State Park area, Texas",NA,"control",2025-01-18,2025-03-25,66,NA,NA,NA,NA,NA,"no_change",0,0,"no_change",0,0,"no_change"
NA,"6_cluster","Sea Rim State Park area, Texas",NA,"control",2025-03-25,2025-03-26,1,NA,NA,NA,NA,NA,"no_change",0,0,"no_change",0,0,"no_change"
NA,"73_cluster","Pelican Point-Weeks Bay area, Alabama",NA,"control",2019-01-25,2019-02-26,32,NA,NA,NA,0,0,"no_change",0,0,"no_change",0,0,"no_change"
NA,"73_cluster","Pelican Point-Weeks Bay area, Alabama",NA,"control",2019-02-26,2019-04-26,59,NA,NA,NA,1,0.0169491525423729,"accumulation",0,0,"no_change",1,0.0169491525423729,"accumulation"
NA,"73_cluster","Pelican Point-Weeks Bay area, Alabama",NA,"control",2019-04-26,2019-11-26,214,NA,NA,NA,NA,NA,"no_change",1,0.00467289719626168,"accumulation",0,0,"no_change"
NA,"73_cluster","Pelican Point-Weeks Bay area, Alabama",NA,"control",2019-11-26,2019-12-31,35,NA,NA,NA,NA,NA,"no_change",-1,-0.0285714285714286,"depletion",-1,-0.0285714285714286,"depletion"
NA,"73_cluster","Pelican Point-Weeks Bay area, Alabama",NA,"control",2019-12-31,2020-01-27,27,NA,NA,NA,1,0.037037037037037,"accumulation",0,0,"no_change",1,0.037037037037037,"accumulation"
NA,"73_cluster","Pelican Point-Weeks Bay area, Alabama",NA,"control",2020-01-27,2020-01-29,2,NA,NA,NA,3,1.5,"accumulation",0,0,"no_change",3,1.5,"accumulation"
NA,"73_cluster","Pelican Point-Weeks Bay area, Alabama",NA,"control",2020-01-29,2020-02-14,16,NA,NA,NA,-4,-0.25,"depletion",0,0,"no_change",-4,-0.25,"depletion"
NA,"73_cluster","Pelican Point-Weeks Bay area, Alabama",NA,"control",2020-02-14,2020-03-27,42,NA,NA,NA,0,0,"no_change",0,0,"no_change",0,0,"no_change"
NA,"73_cluster","Pelican Point-Weeks Bay area, Alabama",NA,"control",2020-03-27,2020-04-30,34,NA,NA,NA,0,0,"no_change",0,0,"no_change",0,0,"no_change"
NA,"73_cluster","Pelican Point-Weeks Bay area, Alabama",NA,"control",2020-04-30,2021-04-30,365,NA,NA,NA,0,0,"no_change",0,0,"no_change",0,0,"no_change"
NA,"73_cluster","Pelican Point-Weeks Bay area, Alabama",NA,"control",2021-04-30,2021-11-02,186,NA,NA,NA,NA,NA,"no_change",1,0.00537634408602151,"accumulation",1,0.00537634408602151,"accumulation"
NA,"73_cluster","Pelican Point-Weeks Bay area, Alabama",NA,"control",2021-11-02,2021-12-30,58,NA,NA,NA,NA,NA,"no_change",0,0,"no_change",0,0,"no_change"
NA,"73_cluster","Pelican Point-Weeks Bay area, Alabama",NA,"control",2021-12-30,2023-07-16,563,NA,NA,NA,NA,NA,"no_change",-1,-0.00177619893428064,"depletion",-1,-0.00177619893428064,"depletion"
NA,"74_cluster","Mary Ann Nelson Beach area, Alabama",NA,"control",2019-11-26,2019-12-31,35,NA,NA,NA,-1,-0.0285714285714286,"depletion",0,0,"no_change",-1,-0.0285714285714286,"depletion"
NA,"74_cluster","Mary Ann Nelson Beach area, Alabama",NA,"control",2019-12-31,2020-01-27,27,NA,NA,NA,1,0.037037037037037,"accumulation",0,0,"no_change",1,0.037037037037037,"accumulation"
NA,"74_cluster","Mary Ann Nelson Beach area, Alabama",NA,"control",2020-01-27,2020-03-27,60,NA,NA,NA,NA,NA,"no_change",2,0.0333333333333333,"accumulation",1,0.0166666666666667,"accumulation"
NA,"74_cluster","Mary Ann Nelson Beach area, Alabama",NA,"control",2020-03-27,2020-04-30,34,NA,NA,NA,NA,NA,"no_change",-2,-0.0588235294117647,"depletion",-2,-0.0588235294117647,"depletion"
NA,"74_cluster","Mary Ann Nelson Beach area, Alabama",NA,"control",2020-04-30,2021-01-25,270,NA,NA,NA,NA,NA,"no_change",1,0.0037037037037037,"accumulation",1,0.0037037037037037,"accumulation"
NA,"74_cluster","Mary Ann Nelson Beach area, Alabama",NA,"control",2021-01-25,2021-03-12,46,NA,NA,NA,NA,NA,"no_change",-1,-0.0217391304347826,"depletion",-1,-0.0217391304347826,"depletion"
NA,"74_cluster","Mary Ann Nelson Beach area, Alabama",NA,"control",2021-03-12,2021-04-30,49,NA,NA,NA,0,0,"no_change",0,0,"no_change",0,0,"no_change"
NA,"74_cluster","Mary Ann Nelson Beach area, Alabama",NA,"control",2021-04-30,2021-11-02,186,NA,NA,NA,0,0,"no_change",0,0,"no_change",0,0,"no_change"
NA,"74_cluster","Mary Ann Nelson Beach area, Alabama",NA,"control",2021-11-02,2021-12-30,58,NA,NA,NA,NA,NA,"no_change",1,0.0172413793103448,"accumulation",1,0.0172413793103448,"accumulation"
NA,"9_cluster","East Beach area, Texas",NA,"control",2018-12-11,2018-12-19,8,NA,NA,NA,-4,-0.5,"depletion",0,0,"no_change",-4,-0.5,"depletion"
NA,"9_cluster","East Beach area, Texas",NA,"control",2018-12-19,2019-01-05,17,NA,NA,NA,5,0.294117647058824,"accumulation",0,0,"no_change",5,0.294117647058824,"accumulation"
NA,"9_cluster","East Beach area, Texas",NA,"control",2019-01-05,2019-02-09,35,NA,NA,NA,-4,-0.114285714285714,"depletion",0,0,"no_change",-4,-0.114285714285714,"depletion"
NA,"9_cluster","East Beach area, Texas",NA,"control",2019-02-09,2019-03-30,49,NA,NA,NA,-11,-0.224489795918367,"depletion",0,0,"no_change",-11,-0.224489795918367,"depletion"
NA,"9_cluster","East Beach area, Texas",NA,"control",2019-03-30,2019-04-17,18,NA,NA,NA,NA,NA,"no_change",96,5.33333333333333,"accumulation",86,4.77777777777778,"accumulation"
NA,"9_cluster","East Beach area, Texas",NA,"control",2019-04-17,2019-04-25,8,NA,NA,NA,NA,NA,"no_change",-92,-11.5,"depletion",-76,-9.5,"depletion"
NA,"9_cluster","East Beach area, Texas",NA,"control",2019-04-25,2019-04-28,3,NA,NA,NA,NA,NA,"no_change",16,5.33333333333333,"accumulation",0,0,"no_change"
NA,"9_cluster","East Beach area, Texas",NA,"control",2019-04-28,2019-04-29,1,NA,NA,NA,NA,NA,"no_change",-20,-20,"depletion",8,8,"accumulation"
NA,"9_cluster","East Beach area, Texas",NA,"control",2019-04-29,2019-04-30,1,NA,NA,NA,NA,NA,"no_change",52,52,"accumulation",25,25,"accumulation"
NA,"9_cluster","East Beach area, Texas",NA,"control",2019-04-30,2019-05-02,2,NA,NA,NA,NA,NA,"no_change",33,16.5,"accumulation",32,16,"accumulation"
NA,"9_cluster","East Beach area, Texas",NA,"control",2019-05-02,2019-05-03,1,NA,NA,NA,NA,NA,"no_change",-85,-85,"depletion",-68,-68,"depletion"
NA,"9_cluster","East Beach area, Texas",NA,"control",2019-05-03,2019-05-06,3,NA,NA,NA,NA,NA,"no_change",28,9.33333333333333,"accumulation",11,3.66666666666667,"accumulation"
NA,"9_cluster","East Beach area, Texas",NA,"control",2019-05-06,2019-05-08,2,NA,NA,NA,NA,NA,"no_change",29,14.5,"accumulation",29,14.5,"accumulation"
NA,"9_cluster","East Beach area, Texas",NA,"control",2019-05-08,2019-05-11,3,NA,NA,NA,NA,NA,"no_change",-29,-9.66666666666667,"depletion",-29,-9.66666666666667,"depletion"
NA,"9_cluster","East Beach area, Texas",NA,"control",2019-05-11,2019-05-13,2,NA,NA,NA,NA,NA,"no_change",6,3,"accumulation",6,3,"accumulation"
NA,"9_cluster","East Beach area, Texas",NA,"control",2019-05-13,2019-05-15,2,NA,NA,NA,NA,NA,"no_change",-10,-5,"depletion",-10,-5,"depletion"
NA,"9_cluster","East Beach area, Texas",NA,"control",2019-05-15,2019-05-17,2,NA,NA,NA,NA,NA,"no_change",-9,-4.5,"depletion",-9,-4.5,"depletion"
NA,"9_cluster","East Beach area, Texas",NA,"control",2019-05-17,2019-05-18,1,NA,NA,NA,NA,NA,"no_change",-15,-15,"depletion",17,17,"accumulation"
NA,"9_cluster","East Beach area, Texas",NA,"control",2019-05-18,2019-05-20,2,NA,NA,NA,NA,NA,"no_change",51,25.5,"accumulation",19,9.5,"accumulation"
NA,"9_cluster","East Beach area, Texas",NA,"control",2019-05-20,2019-06-06,17,NA,NA,NA,NA,NA,"no_change",-51,-3,"depletion",-28,-1.64705882352941,"depletion"
NA,"9_cluster","East Beach area, Texas",NA,"control",2019-06-06,2019-11-24,171,NA,NA,NA,NA,NA,"no_change",0,0,"no_change",1,0.00584795321637427,"accumulation"
NA,"9_cluster","East Beach area, Texas",NA,"control",2019-11-24,2019-11-25,1,NA,NA,NA,NA,NA,"no_change",35,35,"accumulation",44,44,"accumulation"
NA,"9_cluster","East Beach area, Texas",NA,"control",2019-11-25,2019-11-26,1,NA,NA,NA,NA,NA,"no_change",-35,-35,"depletion",-59,-59,"depletion"
NA,"9_cluster","East Beach area, Texas",NA,"control",2019-11-26,2019-11-27,1,NA,NA,NA,NA,NA,"no_change",42,42,"accumulation",32,32,"accumulation"
NA,"9_cluster","East Beach area, Texas",NA,"control",2019-11-27,2019-11-28,1,NA,NA,NA,NA,NA,"no_change",33,33,"accumulation",12,12,"accumulation"
NA,"9_cluster","East Beach area, Texas",NA,"control",2019-11-28,2019-12-01,3,NA,NA,NA,NA,NA,"no_change",-65,-21.6666666666667,"depletion",-31,-10.3333333333333,"depletion"
NA,"9_cluster","East Beach area, Texas",NA,"control",2019-12-01,2019-12-02,1,NA,NA,NA,NA,NA,"no_change",-10,-10,"depletion",35,35,"accumulation"
NA,"9_cluster","East Beach area, Texas",NA,"control",2019-12-02,2019-12-03,1,NA,NA,NA,NA,NA,"no_change",0,0,"no_change",-41,-41,"depletion"
NA,"9_cluster","East Beach area, Texas",NA,"control",2019-12-03,2019-12-04,1,NA,NA,NA,NA,NA,"no_change",2,2,"accumulation",-6,-6,"depletion"
NA,"9_cluster","East Beach area, Texas",NA,"control",2019-12-04,2019-12-05,1,NA,NA,NA,NA,NA,"no_change",-2,-2,"depletion",11,11,"accumulation"
NA,"9_cluster","East Beach area, Texas",NA,"control",2019-12-05,2019-12-06,1,NA,NA,NA,NA,NA,"no_change",21,21,"accumulation",4,4,"accumulation"
NA,"9_cluster","East Beach area, Texas",NA,"control",2019-12-06,2019-12-07,1,NA,NA,NA,NA,NA,"no_change",-1,-1,"depletion",-4,-4,"depletion"
NA,"9_cluster","East Beach area, Texas",NA,"control",2019-12-07,2019-12-08,1,NA,NA,NA,NA,NA,"no_change",-15,-15,"depletion",-7,-7,"depletion"
NA,"9_cluster","East Beach area, Texas",NA,"control",2019-12-08,2019-12-09,1,NA,NA,NA,NA,NA,"no_change",-4,-4,"depletion",13,13,"accumulation"
NA,"9_cluster","East Beach area, Texas",NA,"control",2019-12-09,2019-12-12,3,NA,NA,NA,NA,NA,"no_change",-1,-0.333333333333333,"depletion",26,8.66666666666667,"accumulation"
NA,"9_cluster","East Beach area, Texas",NA,"control",2019-12-12,2019-12-15,3,NA,NA,NA,-11,-3.66666666666667,"depletion",0,0,"no_change",-11,-3.66666666666667,"depletion"
NA,"9_cluster","East Beach area, Texas",NA,"control",2019-12-15,2019-12-16,1,NA,NA,NA,1,1,"accumulation",0,0,"no_change",1,1,"accumulation"
NA,"9_cluster","East Beach area, Texas",NA,"control",2019-12-16,2019-12-17,1,NA,NA,NA,-31,-31,"depletion",0,0,"no_change",-31,-31,"depletion"
NA,"9_cluster","East Beach area, Texas",NA,"control",2019-12-17,2020-01-05,19,NA,NA,NA,-7,-0.368421052631579,"depletion",0,0,"no_change",-7,-0.368421052631579,"depletion"
NA,"9_cluster","East Beach area, Texas",NA,"control",2020-01-05,2020-01-14,9,NA,NA,NA,NA,NA,"no_change",29,3.22222222222222,"accumulation",24,2.66666666666667,"accumulation"
NA,"9_cluster","East Beach area, Texas",NA,"control",2020-01-14,2020-01-27,13,NA,NA,NA,NA,NA,"no_change",11,0.846153846153846,"accumulation",11,0.846153846153846,"accumulation"
NA,"9_cluster","East Beach area, Texas",NA,"control",2020-01-27,2020-02-18,22,NA,NA,NA,NA,NA,"no_change",-40,-1.81818181818182,"depletion",-39,-1.77272727272727,"depletion"
NA,"9_cluster","East Beach area, Texas",NA,"control",2020-02-18,2020-03-06,17,NA,NA,NA,41,2.41176470588235,"accumulation",0,0,"no_change",41,2.41176470588235,"accumulation"
NA,"9_cluster","East Beach area, Texas",NA,"control",2020-03-06,2020-03-07,1,NA,NA,NA,-28,-28,"depletion",0,0,"no_change",-28,-28,"depletion"
NA,"9_cluster","East Beach area, Texas",NA,"control",2020-03-07,2020-04-30,54,NA,NA,NA,NA,NA,"no_change",33,0.611111111111111,"accumulation",14,0.259259259259259,"accumulation"
NA,"9_cluster","East Beach area, Texas",NA,"control",2020-04-30,2020-05-01,1,NA,NA,NA,NA,NA,"no_change",-33,-33,"depletion",-6,-6,"depletion"
NA,"9_cluster","East Beach area, Texas",NA,"control",2020-05-01,2020-05-05,4,NA,NA,NA,9,2.25,"accumulation",0,0,"no_change",9,2.25,"accumulation"
NA,"9_cluster","East Beach area, Texas",NA,"control",2020-05-05,2020-05-06,1,NA,NA,NA,NA,NA,"no_change",50,50,"accumulation",19,19,"accumulation"
NA,"9_cluster","East Beach area, Texas",NA,"control",2020-05-06,2020-12-20,228,NA,NA,NA,NA,NA,"no_change",-48,-0.210526315789474,"depletion",-36,-0.157894736842105,"depletion"
NA,"9_cluster","East Beach area, Texas",NA,"control",2020-12-20,2021-01-14,25,NA,NA,NA,NA,NA,"no_change",-2,-0.08,"depletion",-14,-0.56,"depletion"
NA,"9_cluster","East Beach area, Texas",NA,"control",2021-01-14,2021-01-15,1,NA,NA,NA,NA,NA,"no_change",0,0,"no_change",0,0,"no_change"
NA,"9_cluster","East Beach area, Texas",NA,"control",2021-01-15,2021-01-16,1,NA,NA,NA,NA,NA,"no_change",0,0,"no_change",0,0,"no_change"
NA,"9_cluster","East Beach area, Texas",NA,"control",2021-01-16,2021-01-17,1,NA,NA,NA,NA,NA,"no_change",0,0,"no_change",0,0,"no_change"
NA,"9_cluster","East Beach area, Texas",NA,"control",2021-01-17,2021-01-18,1,NA,NA,NA,NA,NA,"no_change",0,0,"no_change",0,0,"no_change"
NA,"9_cluster","East Beach area, Texas",NA,"control",2021-01-18,2021-01-19,1,NA,NA,NA,NA,NA,"no_change",1,1,"accumulation",1,1,"accumulation"
NA,"9_cluster","East Beach area, Texas",NA,"control",2021-01-19,2021-01-21,2,NA,NA,NA,NA,NA,"no_change",-1,-0.5,"depletion",-1,-0.5,"depletion"
NA,"9_cluster","East Beach area, Texas",NA,"control",2021-01-21,2021-01-23,2,NA,NA,NA,NA,NA,"no_change",0,0,"no_change",0,0,"no_change"
NA,"9_cluster","East Beach area, Texas",NA,"control",2021-01-23,2021-01-26,3,NA,NA,NA,NA,NA,"no_change",0,0,"no_change",0,0,"no_change"
NA,"9_cluster","East Beach area, Texas",NA,"control",2021-01-26,2021-02-03,8,NA,NA,NA,NA,NA,"no_change",0,0,"no_change",4,0.5,"accumulation"
NA,"9_cluster","East Beach area, Texas",NA,"control",2021-02-03,2021-02-21,18,NA,NA,NA,NA,NA,"no_change",0,0,"no_change",-4,-0.222222222222222,"depletion"
NA,"9_cluster","East Beach area, Texas",NA,"control",2021-02-21,2021-03-12,19,NA,NA,NA,NA,NA,"no_change",0,0,"no_change",1,0.0526315789473684,"accumulation"
NA,"9_cluster","East Beach area, Texas",NA,"control",2021-03-12,2021-03-16,4,NA,NA,NA,NA,NA,"no_change",2,0.5,"accumulation",1,0.25,"accumulation"
NA,"9_cluster","East Beach area, Texas",NA,"control",2021-03-16,2021-03-27,11,NA,NA,NA,NA,NA,"no_change",1,0.0909090909090909,"accumulation",1,0.0909090909090909,"accumulation"
NA,"9_cluster","East Beach area, Texas",NA,"control",2021-03-27,2021-03-29,2,NA,NA,NA,NA,NA,"no_change",19,9.5,"accumulation",19,9.5,"accumulation"
NA,"9_cluster","East Beach area, Texas",NA,"control",2021-03-29,2021-04-10,12,NA,NA,NA,NA,NA,"no_change",20,1.66666666666667,"accumulation",38,3.16666666666667,"accumulation"
NA,"9_cluster","East Beach area, Texas",NA,"control",2021-04-10,2021-04-22,12,NA,NA,NA,NA,NA,"no_change",-42,-3.5,"depletion",-47,-3.91666666666667,"depletion"
NA,"9_cluster","East Beach area, Texas",NA,"control",2021-04-22,2021-05-03,11,NA,NA,NA,NA,NA,"no_change",84,7.63636363636364,"accumulation",55,5,"accumulation"
NA,"9_cluster","East Beach area, Texas",NA,"control",2021-05-03,2021-05-13,10,NA,NA,NA,NA,NA,"no_change",-38,-3.8,"depletion",-22,-2.2,"depletion"
NA,"9_cluster","East Beach area, Texas",NA,"control",2021-05-13,2021-05-17,4,NA,NA,NA,NA,NA,"no_change",-45,-11.25,"depletion",-45,-11.25,"depletion"
NA,"9_cluster","East Beach area, Texas",NA,"control",2021-05-17,2021-10-21,157,NA,NA,NA,NA,NA,"no_change",-1,-0.00636942675159236,"depletion",29,0.184713375796178,"accumulation"
NA,"9_cluster","East Beach area, Texas",NA,"control",2021-10-21,2021-10-28,7,NA,NA,NA,NA,NA,"no_change",72,10.2857142857143,"accumulation",8,1.14285714285714,"accumulation"
NA,"9_cluster","East Beach area, Texas",NA,"control",2021-10-28,2021-10-29,1,NA,NA,NA,NA,NA,"no_change",-72,-72,"depletion",-18,-18,"depletion"
NA,"9_cluster","East Beach area, Texas",NA,"control",2021-10-29,2021-10-31,2,NA,NA,NA,-18,-9,"depletion",0,0,"no_change",-18,-9,"depletion"
NA,"9_cluster","East Beach area, Texas",NA,"control",2021-10-31,2021-11-01,1,NA,NA,NA,-2,-2,"depletion",0,0,"no_change",-2,-2,"depletion"
NA,"9_cluster","East Beach area, Texas",NA,"control",2021-11-01,2021-11-02,1,NA,NA,NA,NA,NA,"no_change",15,15,"accumulation",17,17,"accumulation"
NA,"9_cluster","East Beach area, Texas",NA,"control",2021-11-02,2021-11-03,1,NA,NA,NA,NA,NA,"no_change",-15,-15,"depletion",-16,-16,"depletion"
NA,"9_cluster","East Beach area, Texas",NA,"control",2021-11-03,2021-11-04,1,NA,NA,NA,NA,NA,"no_change",19,19,"accumulation",19,19,"accumulation"
NA,"9_cluster","East Beach area, Texas",NA,"control",2021-11-04,2021-11-05,1,NA,NA,NA,NA,NA,"no_change",-19,-19,"depletion",-7,-7,"depletion"
NA,"9_cluster","East Beach area, Texas",NA,"control",2021-11-05,2021-11-06,1,NA,NA,NA,NA,NA,"no_change",76,76,"accumulation",49,49,"accumulation"
NA,"9_cluster","East Beach area, Texas",NA,"control",2021-11-06,2021-11-11,5,NA,NA,NA,NA,NA,"no_change",-26,-5.2,"depletion",-12,-2.4,"depletion"
NA,"9_cluster","East Beach area, Texas",NA,"control",2021-11-11,2021-11-12,1,NA,NA,NA,NA,NA,"no_change",-50,-50,"depletion",-44,-44,"depletion"
NA,"9_cluster","East Beach area, Texas",NA,"control",2021-11-12,2021-11-13,1,NA,NA,NA,13,13,"accumulation",0,0,"no_change",13,13,"accumulation"
NA,"9_cluster","East Beach area, Texas",NA,"control",2021-11-13,2021-11-14,1,NA,NA,NA,-1,-1,"depletion",0,0,"no_change",-1,-1,"depletion"
NA,"9_cluster","East Beach area, Texas",NA,"control",2021-11-14,2021-11-15,1,NA,NA,NA,NA,NA,"no_change",1,1,"accumulation",-4,-4,"depletion"
NA,"9_cluster","East Beach area, Texas",NA,"control",2021-11-15,2021-11-16,1,NA,NA,NA,NA,NA,"no_change",0,0,"no_change",-3,-3,"depletion"
NA,"9_cluster","East Beach area, Texas",NA,"control",2021-11-16,2021-11-17,1,NA,NA,NA,NA,NA,"no_change",-1,-1,"depletion",-2,-2,"depletion"
NA,"9_cluster","East Beach area, Texas",NA,"control",2021-11-17,2021-11-21,4,NA,NA,NA,-3,-0.75,"depletion",0,0,"no_change",-3,-0.75,"depletion"
NA,"9_cluster","East Beach area, Texas",NA,"control",2021-11-21,2021-11-22,1,NA,NA,NA,8,8,"accumulation",0,0,"no_change",8,8,"accumulation"
NA,"9_cluster","East Beach area, Texas",NA,"control",2021-11-22,2021-12-01,9,NA,NA,NA,NA,NA,"no_change",33,3.66666666666667,"accumulation",8,0.888888888888889,"accumulation"
NA,"9_cluster","East Beach area, Texas",NA,"control",2021-12-01,2021-12-10,9,NA,NA,NA,NA,NA,"no_change",-33,-3.66666666666667,"depletion",-21,-2.33333333333333,"depletion"
NA,"9_cluster","East Beach area, Texas",NA,"control",2021-12-10,2021-12-13,3,NA,NA,NA,0,0,"no_change",0,0,"no_change",0,0,"no_change"
NA,"9_cluster","East Beach area, Texas",NA,"control",2021-12-13,2021-12-20,7,NA,NA,NA,156,22.2857142857143,"accumulation",0,0,"no_change",156,22.2857142857143,"accumulation"
NA,"9_cluster","East Beach area, Texas",NA,"control",2021-12-20,2021-12-28,8,NA,NA,NA,-155,-19.375,"depletion",0,0,"no_change",-155,-19.375,"depletion"
NA,"9_cluster","East Beach area, Texas",NA,"control",2021-12-28,2022-01-05,8,NA,NA,NA,1,0.125,"accumulation",0,0,"no_change",1,0.125,"accumulation"
NA,"9_cluster","East Beach area, Texas",NA,"control",2022-01-05,2022-01-17,12,NA,NA,NA,0,0,"no_change",0,0,"no_change",0,0,"no_change"
NA,"9_cluster","East Beach area, Texas",NA,"control",2022-01-17,2022-02-25,39,NA,NA,NA,NA,NA,"no_change",1,0.0256410256410256,"accumulation",-2,-0.0512820512820513,"depletion"
NA,"9_cluster","East Beach area, Texas",NA,"control",2022-02-25,2022-03-02,5,NA,NA,NA,NA,NA,"no_change",-1,-0.2,"depletion",0,0,"no_change"
NA,"9_cluster","East Beach area, Texas",NA,"control",2022-03-02,2022-03-05,3,NA,NA,NA,13,4.33333333333333,"accumulation",0,0,"no_change",13,4.33333333333333,"accumulation"
NA,"9_cluster","East Beach area, Texas",NA,"control",2022-03-05,2022-03-10,5,NA,NA,NA,-13,-2.6,"depletion",0,0,"no_change",-13,-2.6,"depletion"
NA,"9_cluster","East Beach area, Texas",NA,"control",2022-03-10,2022-03-17,7,NA,NA,NA,1,0.142857142857143,"accumulation",0,0,"no_change",1,0.142857142857143,"accumulation"
NA,"9_cluster","East Beach area, Texas",NA,"control",2022-03-17,2022-03-18,1,NA,NA,NA,-2,-2,"depletion",0,0,"no_change",-2,-2,"depletion"
NA,"9_cluster","East Beach area, Texas",NA,"control",2022-03-18,2022-03-30,12,NA,NA,NA,NA,NA,"no_change",17,1.41666666666667,"accumulation",19,1.58333333333333,"accumulation"
NA,"9_cluster","East Beach area, Texas",NA,"control",2022-03-30,2022-04-01,2,NA,NA,NA,NA,NA,"no_change",-17,-8.5,"depletion",-10,-5,"depletion"
NA,"9_cluster","East Beach area, Texas",NA,"control",2022-04-01,2022-04-02,1,NA,NA,NA,NA,NA,"no_change",26,26,"accumulation",5,5,"accumulation"
NA,"9_cluster","East Beach area, Texas",NA,"control",2022-04-02,2022-04-03,1,NA,NA,NA,NA,NA,"no_change",-26,-26,"depletion",-12,-12,"depletion"
NA,"9_cluster","East Beach area, Texas",NA,"control",2022-04-03,2022-04-04,1,NA,NA,NA,0,0,"no_change",0,0,"no_change",0,0,"no_change"
NA,"9_cluster","East Beach area, Texas",NA,"control",2022-04-04,2022-04-05,1,NA,NA,NA,NA,NA,"no_change",22,22,"accumulation",20,20,"accumulation"
NA,"9_cluster","East Beach area, Texas",NA,"control",2022-04-05,2022-04-06,1,NA,NA,NA,NA,NA,"no_change",-22,-22,"depletion",-16,-16,"depletion"
NA,"9_cluster","East Beach area, Texas",NA,"control",2022-04-06,2022-04-07,1,NA,NA,NA,-5,-5,"depletion",0,0,"no_change",-5,-5,"depletion"
NA,"9_cluster","East Beach area, Texas",NA,"control",2022-04-07,2022-04-08,1,NA,NA,NA,NA,NA,"no_change",4,4,"accumulation",0,0,"no_change"
NA,"9_cluster","East Beach area, Texas",NA,"control",2022-04-08,2022-04-09,1,NA,NA,NA,NA,NA,"no_change",-4,-4,"depletion",17,17,"accumulation"
NA,"9_cluster","East Beach area, Texas",NA,"control",2022-04-09,2022-04-10,1,NA,NA,NA,NA,NA,"no_change",1,1,"accumulation",-15,-15,"depletion"
NA,"9_cluster","East Beach area, Texas",NA,"control",2022-04-10,2022-04-11,1,NA,NA,NA,NA,NA,"no_change",9,9,"accumulation",12,12,"accumulation"
NA,"9_cluster","East Beach area, Texas",NA,"control",2022-04-11,2022-04-12,1,NA,NA,NA,NA,NA,"no_change",3,3,"accumulation",-2,-2,"depletion"
NA,"9_cluster","East Beach area, Texas",NA,"control",2022-04-12,2022-04-13,1,NA,NA,NA,NA,NA,"no_change",-13,-13,"depletion",-3,-3,"depletion"
NA,"9_cluster","East Beach area, Texas",NA,"control",2022-04-13,2022-04-14,1,NA,NA,NA,5,5,"accumulation",0,0,"no_change",5,5,"accumulation"
NA,"9_cluster","East Beach area, Texas",NA,"control",2022-04-14,2022-04-15,1,NA,NA,NA,-5,-5,"depletion",0,0,"no_change",-5,-5,"depletion"
NA,"9_cluster","East Beach area, Texas",NA,"control",2022-04-15,2022-04-16,1,NA,NA,NA,NA,NA,"no_change",5,5,"accumulation",-3,-3,"depletion"
NA,"9_cluster","East Beach area, Texas",NA,"control",2022-04-16,2022-04-17,1,NA,NA,NA,NA,NA,"no_change",-1,-1,"depletion",-1,-1,"depletion"
NA,"9_cluster","East Beach area, Texas",NA,"control",2022-04-17,2022-04-18,1,NA,NA,NA,NA,NA,"no_change",-4,-4,"depletion",0,0,"no_change"
NA,"9_cluster","East Beach area, Texas",NA,"control",2022-04-18,2022-04-22,4,NA,NA,NA,3,0.75,"accumulation",0,0,"no_change",3,0.75,"accumulation"
NA,"9_cluster","East Beach area, Texas",NA,"control",2022-04-22,2022-04-23,1,NA,NA,NA,1,1,"accumulation",0,0,"no_change",1,1,"accumulation"
NA,"9_cluster","East Beach area, Texas",NA,"control",2022-04-23,2022-04-26,3,NA,NA,NA,NA,NA,"no_change",31,10.3333333333333,"accumulation",12,4,"accumulation"
NA,"9_cluster","East Beach area, Texas",NA,"control",2022-04-26,2022-04-27,1,NA,NA,NA,NA,NA,"no_change",-15,-15,"depletion",0,0,"no_change"
NA,"9_cluster","East Beach area, Texas",NA,"control",2022-04-27,2022-04-28,1,NA,NA,NA,NA,NA,"no_change",-16,-16,"depletion",-9,-9,"depletion"
NA,"9_cluster","East Beach area, Texas",NA,"control",2022-04-28,2022-04-29,1,NA,NA,NA,-5,-5,"depletion",0,0,"no_change",-5,-5,"depletion"
NA,"9_cluster","East Beach area, Texas",NA,"control",2022-04-29,2022-04-30,1,NA,NA,NA,0,0,"no_change",0,0,"no_change",0,0,"no_change"
NA,"9_cluster","East Beach area, Texas",NA,"control",2022-04-30,2022-05-01,1,NA,NA,NA,-6,-6,"depletion",0,0,"no_change",-6,-6,"depletion"
NA,"9_cluster","East Beach area, Texas",NA,"control",2022-05-01,2022-05-02,1,NA,NA,NA,NA,NA,"no_change",15,15,"accumulation",5,5,"accumulation"
NA,"9_cluster","East Beach area, Texas",NA,"control",2022-05-02,2022-05-03,1,NA,NA,NA,NA,NA,"no_change",18,18,"accumulation",11,11,"accumulation"
NA,"9_cluster","East Beach area, Texas",NA,"control",2022-05-03,2022-05-04,1,NA,NA,NA,NA,NA,"no_change",-30,-30,"depletion",-10,-10,"depletion"
NA,"9_cluster","East Beach area, Texas",NA,"control",2022-05-04,2022-07-07,64,NA,NA,NA,NA,NA,"no_change",-3,-0.046875,"depletion",2,0.03125,"accumulation"
NA,"9_cluster","East Beach area, Texas",NA,"control",2022-07-07,2022-07-08,1,NA,NA,NA,-9,-9,"depletion",0,0,"no_change",-9,-9,"depletion"
NA,"9_cluster","East Beach area, Texas",NA,"control",2022-07-08,2022-07-09,1,NA,NA,NA,12,12,"accumulation",0,0,"no_change",12,12,"accumulation"
NA,"9_cluster","East Beach area, Texas",NA,"control",2022-07-09,2022-08-01,23,NA,NA,NA,-11,-0.478260869565217,"depletion",0,0,"no_change",-11,-0.478260869565217,"depletion"
NA,"9_cluster","East Beach area, Texas",NA,"control",2022-08-01,2022-08-05,4,NA,NA,NA,1,0.25,"accumulation",0,0,"no_change",1,0.25,"accumulation"
NA,"9_cluster","East Beach area, Texas",NA,"control",2022-08-05,2022-08-11,6,NA,NA,NA,-2,-0.333333333333333,"depletion",0,0,"no_change",-2,-0.333333333333333,"depletion"
NA,"9_cluster","East Beach area, Texas",NA,"control",2022-08-11,2022-08-19,8,NA,NA,NA,11,1.375,"accumulation",0,0,"no_change",11,1.375,"accumulation"
NA,"9_cluster","East Beach area, Texas",NA,"control",2022-08-19,2022-08-20,1,NA,NA,NA,-4,-4,"depletion",0,0,"no_change",-4,-4,"depletion"
NA,"9_cluster","East Beach area, Texas",NA,"control",2022-08-20,2022-08-26,6,NA,NA,NA,38,6.33333333333333,"accumulation",0,0,"no_change",38,6.33333333333333,"accumulation"
NA,"9_cluster","East Beach area, Texas",NA,"control",2022-08-26,2022-12-10,106,NA,NA,NA,-38,-0.358490566037736,"depletion",0,0,"no_change",-38,-0.358490566037736,"depletion"
NA,"9_cluster","East Beach area, Texas",NA,"control",2022-12-10,2023-01-05,26,NA,NA,NA,NA,NA,"no_change",7,0.269230769230769,"accumulation",-1,-0.0384615384615385,"depletion"
NA,"9_cluster","East Beach area, Texas",NA,"control",2023-01-05,2023-01-16,11,NA,NA,NA,NA,NA,"no_change",-6,-0.545454545454545,"depletion",-6,-0.545454545454545,"depletion"
NA,"9_cluster","East Beach area, Texas",NA,"control",2023-01-16,2023-02-09,24,NA,NA,NA,NA,NA,"no_change",-1,-0.0416666666666667,"depletion",25,1.04166666666667,"accumulation"
NA,"9_cluster","East Beach area, Texas",NA,"control",2023-02-09,2023-02-10,1,NA,NA,NA,0,0,"no_change",0,0,"no_change",0,0,"no_change"
NA,"9_cluster","East Beach area, Texas",NA,"control",2023-02-10,2023-02-11,1,NA,NA,NA,NA,NA,"no_change",2,2,"accumulation",-24,-24,"depletion"
NA,"9_cluster","East Beach area, Texas",NA,"control",2023-02-11,2023-03-03,20,NA,NA,NA,NA,NA,"no_change",-2,-0.1,"depletion",-1,-0.05,"depletion"
NA,"9_cluster","East Beach area, Texas",NA,"control",2023-03-03,2023-03-23,20,NA,NA,NA,38,1.9,"accumulation",0,0,"no_change",38,1.9,"accumulation"
NA,"9_cluster","East Beach area, Texas",NA,"control",2023-03-23,2023-03-24,1,NA,NA,NA,-13,-13,"depletion",0,0,"no_change",-13,-13,"depletion"
NA,"9_cluster","East Beach area, Texas",NA,"control",2023-03-24,2023-03-25,1,NA,NA,NA,0,0,"no_change",0,0,"no_change",0,0,"no_change"
NA,"9_cluster","East Beach area, Texas",NA,"control",2023-03-25,2023-03-29,4,NA,NA,NA,-25,-6.25,"depletion",0,0,"no_change",-25,-6.25,"depletion"
NA,"9_cluster","East Beach area, Texas",NA,"control",2023-03-29,2023-04-01,3,NA,NA,NA,0,0,"no_change",0,0,"no_change",0,0,"no_change"
NA,"9_cluster","East Beach area, Texas",NA,"control",2023-04-01,2023-04-02,1,NA,NA,NA,45,45,"accumulation",0,0,"no_change",45,45,"accumulation"
NA,"9_cluster","East Beach area, Texas",NA,"control",2023-04-02,2023-04-05,3,NA,NA,NA,NA,NA,"no_change",12,4,"accumulation",-31,-10.3333333333333,"depletion"
NA,"9_cluster","East Beach area, Texas",NA,"control",2023-04-05,2023-04-12,7,NA,NA,NA,NA,NA,"no_change",-12,-1.71428571428571,"depletion",-8,-1.14285714285714,"depletion"
NA,"9_cluster","East Beach area, Texas",NA,"control",2023-04-12,2023-04-28,16,NA,NA,NA,-1,-0.0625,"depletion",0,0,"no_change",-1,-0.0625,"depletion"
NA,"9_cluster","East Beach area, Texas",NA,"control",2023-04-28,2023-10-07,162,NA,NA,NA,21,0.12962962962963,"accumulation",0,0,"no_change",21,0.12962962962963,"accumulation"
NA,"9_cluster","East Beach area, Texas",NA,"control",2023-10-07,2023-10-08,1,NA,NA,NA,NA,NA,"no_change",22,22,"accumulation",-8,-8,"depletion"
NA,"9_cluster","East Beach area, Texas",NA,"control",2023-10-08,2023-10-09,1,NA,NA,NA,NA,NA,"no_change",-22,-22,"depletion",1,1,"accumulation"
NA,"9_cluster","East Beach area, Texas",NA,"control",2023-10-09,2023-10-13,4,NA,NA,NA,-15,-3.75,"depletion",0,0,"no_change",-15,-3.75,"depletion"
NA,"9_cluster","East Beach area, Texas",NA,"control",2023-10-13,2023-10-27,14,NA,NA,NA,-2,-0.142857142857143,"depletion",0,0,"no_change",-2,-0.142857142857143,"depletion"
NA,"9_cluster","East Beach area, Texas",NA,"control",2023-10-27,2023-10-28,1,NA,NA,NA,NA,NA,"no_change",5,5,"accumulation",2,2,"accumulation"
NA,"9_cluster","East Beach area, Texas",NA,"control",2023-10-28,2023-10-31,3,NA,NA,NA,NA,NA,"no_change",-5,-1.66666666666667,"depletion",-1,-0.333333333333333,"depletion"
NA,"9_cluster","East Beach area, Texas",NA,"control",2023-10-31,2023-12-26,56,NA,NA,NA,22,0.392857142857143,"accumulation",0,0,"no_change",22,0.392857142857143,"accumulation"
NA,"9_cluster","East Beach area, Texas",NA,"control",2023-12-26,2024-01-27,32,NA,NA,NA,-22,-0.6875,"depletion",0,0,"no_change",-22,-0.6875,"depletion"
NA,"9_cluster","East Beach area, Texas",NA,"control",2024-01-27,2024-02-24,28,NA,NA,NA,-4,-0.142857142857143,"depletion",0,0,"no_change",-4,-0.142857142857143,"depletion"
NA,"9_cluster","East Beach area, Texas",NA,"control",2024-02-24,2024-03-19,24,NA,NA,NA,1,0.0416666666666667,"accumulation",0,0,"no_change",1,0.0416666666666667,"accumulation"
NA,"9_cluster","East Beach area, Texas",NA,"control",2024-03-19,2024-03-21,2,NA,NA,NA,6,3,"accumulation",0,0,"no_change",6,3,"accumulation"
NA,"9_cluster","East Beach area, Texas",NA,"control",2024-03-21,2024-04-05,15,NA,NA,NA,-2,-0.133333333333333,"depletion",0,0,"no_change",-2,-0.133333333333333,"depletion"
NA,"9_cluster","East Beach area, Texas",NA,"control",2024-04-05,2024-04-11,6,NA,NA,NA,31,5.16666666666667,"accumulation",0,0,"no_change",31,5.16666666666667,"accumulation"
NA,"9_cluster","East Beach area, Texas",NA,"control",2024-04-11,2024-04-15,4,NA,NA,NA,-36,-9,"depletion",0,0,"no_change",-36,-9,"depletion"
NA,"9_cluster","East Beach area, Texas",NA,"control",2024-04-15,2024-04-18,3,NA,NA,NA,1,0.333333333333333,"accumulation",0,0,"no_change",1,0.333333333333333,"accumulation"
NA,"9_cluster","East Beach area, Texas",NA,"control",2024-04-18,2024-04-19,1,NA,NA,NA,3,3,"accumulation",0,0,"no_change",3,3,"accumulation"
NA,"9_cluster","East Beach area, Texas",NA,"control",2024-04-19,2024-04-20,1,NA,NA,NA,19,19,"accumulation",0,0,"no_change",19,19,"accumulation"
NA,"9_cluster","East Beach area, Texas",NA,"control",2024-04-20,2024-04-22,2,NA,NA,NA,-20,-10,"depletion",0,0,"no_change",-20,-10,"depletion"
NA,"9_cluster","East Beach area, Texas",NA,"control",2024-04-22,2024-04-24,2,NA,NA,NA,-2,-1,"depletion",0,0,"no_change",-2,-1,"depletion"
NA,"9_cluster","East Beach area, Texas",NA,"control",2024-04-24,2024-04-25,1,NA,NA,NA,NA,NA,"no_change",35,35,"accumulation",15,15,"accumulation"
NA,"9_cluster","East Beach area, Texas",NA,"control",2024-04-25,2024-04-27,2,NA,NA,NA,NA,NA,"no_change",-35,-17.5,"depletion",-12,-6,"depletion"
NA,"9_cluster","East Beach area, Texas",NA,"control",2024-04-27,2024-04-30,3,NA,NA,NA,9,3,"accumulation",0,0,"no_change",9,3,"accumulation"
NA,"9_cluster","East Beach area, Texas",NA,"control",2024-04-30,2024-05-06,6,NA,NA,NA,NA,NA,"no_change",1,0.166666666666667,"accumulation",-12,-2,"depletion"
NA,"9_cluster","East Beach area, Texas",NA,"control",2024-05-06,2024-05-18,12,NA,NA,NA,NA,NA,"no_change",13,1.08333333333333,"accumulation",13,1.08333333333333,"accumulation"
NA,"9_cluster","East Beach area, Texas",NA,"control",2024-05-18,2025-02-09,267,NA,NA,NA,NA,NA,"no_change",-11,-0.0411985018726592,"depletion",8,0.0299625468164794,"accumulation"
NA,"9_cluster","East Beach area, Texas",NA,"control",2025-02-09,2025-02-25,16,NA,NA,NA,NA,NA,"no_change",-3,-0.1875,"depletion",18,1.125,"accumulation"
NA,"9_cluster","East Beach area, Texas",NA,"control",2025-02-25,2025-02-26,1,NA,NA,NA,-29,-29,"depletion",0,0,"no_change",-29,-29,"depletion"
NA,"9_cluster","East Beach area, Texas",NA,"control",2025-02-26,2025-03-03,5,NA,NA,NA,-10,-2,"depletion",0,0,"no_change",-10,-2,"depletion"
NA,"9_cluster","East Beach area, Texas",NA,"control",2025-03-03,2025-03-17,14,NA,NA,NA,24,1.71428571428571,"accumulation",0,0,"no_change",24,1.71428571428571,"accumulation"
